package	published_version	arch_version	source_status
aarch64-linux-gnu-binutils	2.47-1	2.47-1	same_source
aarch64-linux-gnu-gcc	16.1.0-1	16.1.0-1	same_source
aarch64-linux-gnu-glibc	2.44-1	2.44-1	same_source
aarch64-linux-gnu-linux-api-headers	7.0-1	7.0-1	same_source
abseil-cpp	20260817.0-2	20260817.0-2	same_source
accountsservice	26.27.3-2	26.27.3-1	same_source
acl	2.4.0-1	2.4.0-1	same_source
adwaita-cursors	51.0-1	50.0-1	newer_source
adwaita-fonts	51.0-2	51.0-2	same_source
adwaita-icon-theme	51.0-1	50.0-1	newer_source
adwaita-icon-theme-legacy	46.2-3	46.2-3	same_source
alsa-card-profiles	1:1.6.9-1	1:1.6.9-1	same_source
alsa-lib	1.2.16.1-1	1.2.16.1-1	same_source
alsa-topology-conf	1.2.5.1-4	1.2.5.1-4	same_source
alsa-ucm-conf	1.2.16.1-1	1.2.16.1-1	same_source
alsa-utils	1.2.16-1	1.2.16-1	same_source
amd-ucode	20260916-1	20260916-1	same_source
aom	3.15.1-2	3.15.1-1	same_source
aom-docs	3.15.1-2	3.15.1-1	same_source
appstream	1.2.1-2	1.2.1-1	same_source
appstream-qt	1.2.1-2	1.2.1-1	same_source
archlinux-keyring	20260909-1	20260909-1	same_source
asciidoctor	2.0.26-1	2.0.26-1	same_source
at-spi2-core	2.62.0.1-1	2.60.7-1	newer_source
at-spi2-core-docs	2.62.0.1-1	2.60.7-1	newer_source
atkmm	1:2.28.5-1	2.28.5-2	same_source
atkmm-2.36	2.36.4-1	2.36.4-2	same_source
atkmm-2.36-docs	2.36.4-1	2.36.4-2	same_source
atkmm-docs	1:2.28.5-1	2.28.5-2	same_source
attr	2.6.0-1	2.6.0-1	same_source
audispd-plugins	4.2.1-1	4.2.1-1	same_source
audispd-plugins-zos	4.2.1-1	4.2.1-1	same_source
audit	4.2.1-1	4.2.1-1	same_source
autoconf	2.73-1	2.73-1	same_source
automake	1.19-1	1.19-1	same_source
avahi	1:0.9rc5-2	1:0.9rc5-1	same_source
b3sum	1.8.7-1	1.8.7-1	same_source
bash	5.3.20-1	5.3.20-1	same_source
bash-completion	2.18.0-1	2.18.0-1	same_source
binutils	2.47-7	2.47-4	same_source
bison	3.8.2-8	3.8.2-8	same_source
blas	3.12.1-2	3.12.1-2	same_source
blas64	3.12.1-2	3.12.1-2	same_source
bluez	5.87-2	5.87-2	same_source
bluez-cups	5.87-2	5.87-2	same_source
bluez-deprecated-tools	5.87-2	5.87-2	same_source
bluez-hid2hci	5.87-2	5.87-2	same_source
bluez-libs	5.87-2	5.87-2	same_source
bluez-mesh	5.87-2	5.87-2	same_source
bluez-obex	5.87-2	5.87-2	same_source
bluez-utils	5.87-2	5.87-2	same_source
boost	1.92.0-1	1.92.0-1	same_source
boost-libs	1.92.0-1	1.92.0-1	same_source
brightnessctl	0.5.1-3	0.5.1-3	same_source
brotli	1.2.0-1	1.2.0-1	same_source
brotli-testdata	1.2.0-1	1.2.0-1	same_source
btrfs-progs	7.1-1	7.1-1	same_source
bubblewrap	0.13.0-1	0.13.0-1	same_source
bzip2	1.0.8-6	1.0.8-6	same_source
ca-certificates	20240618-2	20240618-1	same_source
ca-certificates-mozilla	3.130-2	3.130-1	same_source
ca-certificates-utils	20240618-2	20240618-1	same_source
cairo	1.18.6-1	1.18.6-1	same_source
cairo-docs	1.18.6-1	1.18.6-1	same_source
cairomm	1:1.14.6-1	1.14.6-1	same_source
cairomm-1.16	1.19.1-1	1.18.1-1	newer_source
cairomm-1.16-docs	1.19.1-1	1.18.1-1	newer_source
cairomm-docs	1:1.14.6-1	1.14.6-1	same_source
cblas	3.12.1-2	3.12.1-2	same_source
cblas64	3.12.1-2	3.12.1-2	same_source
cccl	3.4.3-1	3.5.0-1	older_source
cfitsio	1:4.7.0-1	1:4.7.0-1	same_source
cinnamon-desktop	6.6.2-2	6.6.2-2	same_source
clang	23.1.1-1	23.1.1-1	same_source
clang21	21.1.8-1	21.1.8-1	same_source
cmake	4.4.3-2	4.4.4-1	older_source
colord	1.4.8-1	1.4.8-1	same_source
colord-docs	1.4.8-1	1.4.8-1	same_source
colord-sane	1.4.8-1	1.4.8-1	same_source
comgr	2:7.2.4-3	2:7.2.4-2	same_source
compiler-rt	23.1.1-2	23.1.1-1	same_source
compiler-rt21	21.1.8-2	21.1.8-1	same_source
composefs	1.0.8-1	1.0.8-1	same_source
coreutils	9.12-2	9.12-2	same_source
cpio	2.15-3	2.15-3	same_source
cppdap	1.58.0-3	1.58.0-3	same_source
cracklib	2.10.3-1	2.10.3-1	same_source
cryptsetup	2.8.8-1	2.8.8-1	same_source
cuda	13.4.2-1	13.4.2-1	same_source
cups	2:2.4.20-1	2:2.4.19-1	newer_source
curl	8.22.0-2	8.22.0-1	same_source
cython	3.3.0-2	3.3.0-2	same_source
dav1d	1.5.4-1	1.5.4-1	same_source
dav1d-doc	1.5.4-1	1.5.4-1	same_source
db5.3	5.3.28-7	5.3.28-7	same_source
dbus	1.16.2-3	1.16.2-1	same_source
dbus-broker	37-3	37-3	same_source
dbus-broker-units	37-3	37-3	same_source
dbus-daemon-units	1.16.2-3	1.16.2-1	same_source
dbus-docs	1.16.2-3	1.16.2-1	same_source
dbus-units	37-3	37-3	same_source
dconf	51.0-2	0.49.0-1	newer_source
debugedit	5.3-3	5.3-2	same_source
debuginfod	0.196-1	0.196-1	same_source
default-cursors	3-1	3-1	same_source
desktop-file-utils	0.28-2	0.28-1	same_source
device-mapper	2.03.43-2	2.03.43-2	same_source
diffutils	3.12-2	3.12-2	same_source
ding-libs	0.7.0-1	0.7.0-1	same_source
dkms	3.4.3-3	3.4.3-2	same_source
dmidecode	3.7-1	3.7-1	same_source
docbook-sgml	4.5-11	4.5-10	same_source
docbook-xml	4.5-11	4.5-11	same_source
docbook-xsl	1.79.2-9	1.79.2-9	same_source
dosfstools	4.2-5	4.2-5	same_source
double-conversion	3.4.0-1	3.4.0-1	same_source
doxygen	1.18.0-3	1.18.0-2	same_source
duktape	2.7.0-7	2.7.0-7	same_source
e2fsprogs	1.47.4-1	1.47.4-1	same_source
efibootmgr	18-4	18-4	same_source
efivar	39-2	39-2	same_source
egl-gbm	1.1.4-1	1.1.4-1	same_source
egl-wayland	4:1.1.23-1	4:1.1.23-1	same_source
egl-wayland2	1.0.2-1	1.0.2-1	same_source
egl-x11	1.0.6-1	1.0.6-1	same_source
eglexternalplatform	1.2.1-1	1.2.1-1	same_source
elfutils	0.196-1	0.196-1	same_source
emacs	31.1-2	31.1-2	same_source
emacs-nox	31.1-2	31.1-2	same_source
emacs-wayland	31.1-2	31.1-2	same_source
enchant	2.8.21-2	2.8.21-1	same_source
exempi	2.6.6-3	2.6.6-3	same_source
exfatprogs	1.4.3-1	1.4.3-1	same_source
expat	2.9.0-1	2.8.5-1	newer_source
extra-cmake-modules	6.30.0-1	6.30.0-1	same_source
f2fs-tools	1.17.0-1	1.17.0-1	same_source
fakeroot	1:1.37.2-3	1:1.37.2-3	same_source
fastfetch	2.69.0-1	2.69.0-1	same_source
ffmpeg	2:9.0.2-2	2:9.0.2-2	same_source
fftw	3.3.11-1	3.3.11-1	same_source
fftw-openmpi	3.3.11-1	3.3.11-1	same_source
file	5.48-1	5.48-1	same_source
filesystem	2025.10.12-1	2025.10.12-1	same_source
findutils	4.11.0-1	4.11.0-1	same_source
firefox	157.0-1	157.0-1	same_source
fish	4.9.3-1	4.9.3-1	same_source
flac	1.5.0-1	1.5.0-1	same_source
flac-doc	1.5.0-1	1.5.0-1	same_source
flatpak	1:1.18.4-3	1:1.18.4-1	same_source
flatpak-docs	1:1.18.4-3	1:1.18.4-1	same_source
flex	2.6.4-6	2.6.4-6	same_source
fmt	12.2.0-2	12.2.0-1	same_source
fontconfig	2:2.18.3-3	2:2.18.3-2	same_source
freeglut	3.8.0-1	3.8.0-1	same_source
freetype2	2.14.3-2	2.14.3-1	same_source
freetype2-demos	2.14.3-2	2.14.3-1	same_source
freetype2-docs	2.14.3-2	2.14.3-1	same_source
fribidi	1.0.17-1	1.0.17-1	same_source
fuse-common	3.18.3-1	3.18.3-1	same_source
fuse2	2.9.9-6	2.9.9-6	same_source
fuse2fs	1.47.4-1	1.47.4-1	same_source
fuse3	3.18.3-1	3.18.3-1	same_source
gawk	5.4.1-1	5.4.1-1	same_source
gc	8.2.12-1	8.2.12-1	same_source
gcc	16.2.1+r23+gd564253eb6c8-2	16.2.1+r23+gd564253eb6c8-1	same_source
gcc-ada	16.2.1+r23+gd564253eb6c8-2	16.2.1+r23+gd564253eb6c8-1	same_source
gcc-d	16.2.1+r23+gd564253eb6c8-2	16.2.1+r23+gd564253eb6c8-1	same_source
gcc-fortran	16.2.1+r23+gd564253eb6c8-2	16.2.1+r23+gd564253eb6c8-1	same_source
gcc-gcobol	16.2.1+r23+gd564253eb6c8-2	16.2.1+r23+gd564253eb6c8-1	same_source
gcc-go	16.2.1+r23+gd564253eb6c8-2	16.2.1+r23+gd564253eb6c8-1	same_source
gcc-libs	16.2.1+r23+gd564253eb6c8-2	16.2.1+r23+gd564253eb6c8-1	same_source
gcc-m2	16.2.1+r23+gd564253eb6c8-2	16.2.1+r23+gd564253eb6c8-1	same_source
gcc-objc	16.2.1+r23+gd564253eb6c8-2	16.2.1+r23+gd564253eb6c8-1	same_source
gcc-rust	16.2.1+r23+gd564253eb6c8-2	16.2.1+r23+gd564253eb6c8-1	same_source
gcr	3.41.2-2	3.41.2-2	same_source
gcr-4	4.4.1-1	4.4.1-1	same_source
gcr-4-docs	4.4.1-1	4.4.1-1	same_source
gcr-docs	3.41.2-2	3.41.2-2	same_source
gdb	18.1-1	18.1-1	same_source
gdb-common	18.1-1	18.1-1	same_source
gdbm	1.26-2	1.26-2	same_source
gdk-pixbuf2	2.44.8-3	2.44.7-1	newer_source
gdk-pixbuf2-docs	2.44.8-3	2.44.7-1	newer_source
gettext	1.0-3	1.0-2	same_source
gflags	2.2.2-6	2.2.2-6	same_source
ghostty	1.3.2dev.g27e8b3fa85d9-1	1.3.1-2	newer_source
ghostty-nautilus	1.3.2dev.g27e8b3fa85d9-1	1.3.1-2	newer_source
ghostty-shell-integration	1.3.2dev.g27e8b3fa85d9-1	1.3.1-2	newer_source
ghostty-terminfo	1.3.2dev.g27e8b3fa85d9-1	1.3.1-2	newer_source
giflib	6.1.3-3	6.1.3-2	same_source
git	2.56.0-1	2.56.0-1	same_source
git-zsh-completion	2.56.0-1	2.56.0-1	same_source
glib-networking	1:2.90.0-1	1:2.80.1-1	newer_source
glib2	2.90.0-2	2.88.3-1	newer_source
glib2-devel	2.90.0-2	2.88.3-1	newer_source
glib2-docs	2.90.0-2	2.88.3-1	newer_source
glibc	2.44+r50+g1848099f063e-2	2.44+r50+g1848099f063e-1	same_source
glibc-locales	2.44+r50+g1848099f063e-2	2.44+r50+g1848099f063e-1	same_source
glibmm	2.66.10-1	2.66.10-1	same_source
glibmm-2.68	2.90.0-1	2.88.1-1	newer_source
glibmm-2.68-docs	2.90.0-1	2.88.1-1	newer_source
glibmm-docs	2.66.10-1	2.66.10-1	same_source
glslang	1:1.4.363.0-1	1:1.4.363.0-1	same_source
glu	9.0.3-3	9.0.3-3	same_source
glycin	2.2.1-1	2.1.5-2	newer_source
glycin-docs	2.2.1-1	2.1.5-2	newer_source
glycin-gtk4	2.2.1-1	2.1.5-2	newer_source
gmp	6.3.0-3	6.3.0-3	same_source
gnome-keyring	1:51.1-1	1:50.0-1	newer_source
gnulib-l10n	20241231-1	20241231-1	same_source
gnupg	2.4.9-3	2.4.9-3	same_source
gnutls	3.8.13-3	3.8.13-3	same_source
go-md2man	2.0.7-2	2.0.7-2	same_source
gobject-introspection	1.86.0-3	1.86.0-2	same_source
gobject-introspection-runtime	1.86.0-3	1.86.0-2	same_source
google-glog	0.7.1-2	0.7.1-2	same_source
gparted	1.8.1-2	1.8.1-2	same_source
gperftools	2.18.1-1	2.18.1-1	same_source
gpgme	2.2.0-2	2.2.0-1	same_source
gpm	1.20.7.r38.ge82d1a6-7	1.20.7.r38.ge82d1a6-7	same_source
gptfdisk	1.0.10-3	1.0.10-2	same_source
graphene	1.10.8-2	1.10.8-2	same_source
graphene-docs	1.10.8-2	1.10.8-2	same_source
graphite	1:1.3.15-1	1:1.3.15-1	same_source
graphite-docs	1:1.3.15-1	1:1.3.15-1	same_source
graphviz	16.1.0-2	16.1.0-1	same_source
greetd	0.10.3-2	0.10.3-2	same_source
greetd-agreety	0.10.3-2	0.10.3-2	same_source
grep	3.12-2	3.12-2	same_source
grim	1.5.0-2	1.5.0-2	same_source
groff	1.24.2-1	1.24.1-1	newer_source
gsettings-desktop-schemas	51.0-1	50.1-1	newer_source
gsettings-system-schemas	51.0-1	50.1-1	newer_source
gsm	1.0.24-1	1.0.24-1	same_source
gssdp	1.6.6-1	1.6.6-1	same_source
gssdp-docs	1.6.6-1	1.6.6-1	same_source
gssproxy	0.9.2-4	0.9.2-3	same_source
gst-devtools	1.28.7-2	1.28.7-2	same_source
gst-devtools-libs	1.28.7-2	1.28.7-2	same_source
gst-editing-services	1.28.7-2	1.28.7-2	same_source
gst-libav	1.28.7-2	1.28.7-2	same_source
gst-plugin-gtk	1.28.7-2	1.28.7-2	same_source
gst-plugin-hip	1.28.7-2	1.28.7-2	same_source
gst-plugin-msdk	1.28.7-2	1.28.7-2	same_source
gst-plugin-onnx	1.28.7-2	1.28.7-2	same_source
gst-plugin-opencv	1.28.7-2	1.28.7-2	same_source
gst-plugin-pipewire	1:1.6.9-1	1:1.6.9-1	same_source
gst-plugin-qml6	1.28.7-2	1.28.7-2	same_source
gst-plugin-qmlgl	1.28.7-2	1.28.7-2	same_source
gst-plugin-qsv	1.28.7-2	1.28.7-2	same_source
gst-plugin-svthevcenc	1.28.7-2	1.28.7-2	same_source
gst-plugin-va	1.28.7-2	1.28.7-2	same_source
gst-plugin-wpe	1.28.7-2	1.28.7-2	same_source
gst-plugin-wpe2	1.28.7-2	1.28.7-2	same_source
gst-plugins-bad	1.28.7-2	1.28.7-2	same_source
gst-plugins-bad-libs	1.28.7-2	1.28.7-2	same_source
gst-plugins-base	1.28.7-2	1.28.7-2	same_source
gst-plugins-base-libs	1.28.7-2	1.28.7-2	same_source
gst-plugins-good	1.28.7-2	1.28.7-2	same_source
gst-plugins-ugly	1.28.7-2	1.28.7-2	same_source
gst-python	1.28.7-2	1.28.7-2	same_source
gst-rtsp-server	1.28.7-2	1.28.7-2	same_source
gstreamer	1.28.7-2	1.28.7-2	same_source
gstreamer-docs	1.28.7-2	1.28.7-2	same_source
gtest	1.18.0-1	1.18.0-1	same_source
gtk-update-icon-cache	1:4.24.1-2	1:4.22.5-1	newer_source
gtk3	1:3.24.52-3	1:3.24.52-1	same_source
gtk3-demos	1:3.24.52-3	1:3.24.52-1	same_source
gtk3-docs	1:3.24.52-3	1:3.24.52-1	same_source
gtk4	1:4.24.1-2	1:4.22.5-1	newer_source
gtk4-demos	1:4.24.1-2	1:4.22.5-1	newer_source
gtk4-docs	1:4.24.1-2	1:4.22.5-1	newer_source
gtk4-layer-shell	1.3.0-1	1.3.0-1	same_source
gtkmm3	3.24.11-1	3.24.11-1	same_source
gtkmm3-docs	3.24.11-1	3.24.11-1	same_source
gtksourceview5	5.20.0-2	5.20.0-1	same_source
gtksourceview5-docs	5.20.0-2	5.20.0-1	same_source
guile	3.0.11-1	3.0.11-1	same_source
gumbo-parser	0.13.2-2	0.13.2-1	same_source
gupnp	1:1.6.10-1	1:1.6.10-1	same_source
gupnp-docs	1:1.6.10-1	1:1.6.10-1	same_source
gupnp-igd	1.6.0-2	1.6.0-2	same_source
gvfs	1.62.0-4	1.60.3-3	newer_source
gvfs-afc	1.62.0-4	1.60.3-3	newer_source
gvfs-dnssd	1.62.0-4	1.60.3-3	newer_source
gvfs-goa	1.62.0-4	1.60.3-3	newer_source
gvfs-gphoto2	1.62.0-4	1.60.3-3	newer_source
gvfs-mtp	1.62.0-4	1.60.3-3	newer_source
gvfs-nfs	1.62.0-4	1.60.3-3	newer_source
gvfs-onedrive	1.62.0-4	1.60.3-3	newer_source
gvfs-smb	1.62.0-4	1.60.3-3	newer_source
gvfs-wsdd	1.62.0-4	1.60.3-3	newer_source
gzip	1.15-1	1.15-1	same_source
harfbuzz	14.5.1-2	14.5.1-1	same_source
harfbuzz-cairo	14.5.1-2	14.5.1-1	same_source
harfbuzz-docs	14.5.1-2	14.5.1-1	same_source
harfbuzz-icu	14.5.1-2	14.5.1-1	same_source
harfbuzz-utils	14.5.1-2	14.5.1-1	same_source
hdf5	2.2.0-1	2.2.0-1	same_source
hdf5-openmpi	2.2.0-1	2.2.0-1	same_source
help2man	1.49.3-2	1.49.3-2	same_source
hicolor-icon-theme	0.18-1	0.18-1	same_source
hidapi	0.15.0-1	0.15.0-1	same_source
highway	1.4.0-1	1.4.0-1	same_source
hip-runtime-amd	7.2.4-2	7.2.4-1	same_source
hip-runtime-nvidia	7.2.4-2	7.2.4-1	same_source
hipify-clang	7.2.4-2	7.2.4-1	same_source
hsa-rocr	7.2.4-2	7.2.4-1	same_source
hunspell	1.7.5-2	1.7.5-1	same_source
hwdata	0.412-1	0.411-1	newer_source
hwinfo	26.0-1	26.0-1	same_source
hwloc	2.15.0-1	2.14.0-1	newer_source
iana-etc	20260617-1	20260617-1	same_source
icu	78.3-2	78.3-1	same_source
imath	3.2.3-1	3.2.3-1	same_source
intel-ucode	20260925-1	20260925-1	same_source
inter-font	4.1-1	4.1-1	same_source
inxi	3.3.41.1-3	3.3.41.1-1	same_source
iproute2	7.2.0-1	7.2.0-1	same_source
iptables	1:1.8.13-1	1:1.8.13-1	same_source
iptables-legacy	1:1.8.13-1	1:1.8.13-1	same_source
iputils	20250605-1	20250605-1	same_source
iso-codes	4.20.1-1	4.20.1-1	same_source
jack2	1.9.22-2	1.9.22-2	same_source
jack2-dbus	1.9.22-2	1.9.22-2	same_source
jack2-docs	1.9.22-2	1.9.22-2	same_source
jansson	2.15.1-1	2.15.1-1	same_source
jasper	4.2.9-1	4.2.9-1	same_source
jasper-doc	4.2.9-1	4.2.9-1	same_source
jbigkit	2.1-8	2.1-8	same_source
jemalloc	1:5.4.0-1	1:5.4.0-1	same_source
jq	1.8.2-2	1.8.2-1	same_source
json-c	0.19-1	0.19-1	same_source
json-glib	1.10.8-2	1.10.8-1	same_source
json-glib-docs	1.10.8-2	1.10.8-1	same_source
jsoncpp	1.9.8-2	1.9.8-1	same_source
jsoncpp-doc	1.9.8-2	1.9.8-1	same_source
kbd	2.10.0-1	2.10.0-1	same_source
kcoreaddons	6.30.0-1	6.30.0-1	same_source
kcrash	6.30.0-1	6.30.0-1	same_source
keyutils	1.6.3-4	1.6.3-4	same_source
ki18n	6.30.0-1	6.30.0-1	same_source
kmod	34.2-2	34.2-1	same_source
kpmcore	26.08.1-1	26.08.1-1	same_source
krb5	1.22.2-2	1.22.2-1	same_source
kwidgetsaddons	6.30.0-1	6.30.0-1	same_source
l-smash	2.14.5-4	2.14.5-4	same_source
lame	4.0-1	4.0-1	same_source
lapack	3.12.1-2	3.12.1-2	same_source
lapack-doc	3.12.1-2	3.12.1-2	same_source
lapack64	3.12.1-2	3.12.1-2	same_source
lapacke	3.12.1-2	3.12.1-2	same_source
lapacke64	3.12.1-2	3.12.1-2	same_source
lcms2	2.19.1-2	2.19.1-1	same_source
leancrypto	1.9.1-1	1.9.1-1	same_source
lemon	3.53.4-2	3.53.4-1	same_source
less	1:710-1	1:710-1	same_source
lib32-gcc-libs	16.2.1+r23+gd564253eb6c8-2	16.2.1+r23+gd564253eb6c8-1	same_source
lib32-glibc	2.44+r50+g1848099f063e-2	2.44+r50+g1848099f063e-1	same_source
lib32-libltdl	2.6.2-5	2.6.2-5	same_source
lib32-rust-libs	1:1.98.1-5	1:1.99.0-1	older_source
libadwaita	1:1.10.0-1	1:1.9.4-1	newer_source
libadwaita-demos	1:1.10.0-1	1:1.9.4-1	newer_source
libadwaita-docs	1:1.10.0-1	1:1.9.4-1	newer_source
libaec	1.1.7-2	1.1.7-1	same_source
libaio	0.3.113-5	0.3.113-5	same_source
libarchive	3.8.9-2	3.8.9-1	same_source
libasan	16.2.1+r23+gd564253eb6c8-2	16.2.1+r23+gd564253eb6c8-1	same_source
libass	0.17.5-1	0.17.5-1	same_source
libassuan	3.0.2-2	3.0.0-1	newer_source
libasyncns	1:0.8+r3+g68cd5af-6	1:0.8+r3+g68cd5af-3	same_source
libatasmart	0.19-8	0.19-8	same_source
libatomic	16.2.1+r23+gd564253eb6c8-2	16.2.1+r23+gd564253eb6c8-1	same_source
libavc1394	0.5.4-7	0.5.4-7	same_source
libb2	0.98.1-3	0.98.1-3	same_source
libblake3	1.8.7-1	1.8.7-1	same_source
libblockdev	3.5.0-2	3.5.0-2	same_source
libblockdev-btrfs	3.5.0-2	3.5.0-2	same_source
libblockdev-crypto	3.5.0-2	3.5.0-2	same_source
libblockdev-dm	3.5.0-2	3.5.0-2	same_source
libblockdev-fs	3.5.0-2	3.5.0-2	same_source
libblockdev-loop	3.5.0-2	3.5.0-2	same_source
libblockdev-lvm	3.5.0-2	3.5.0-2	same_source
libblockdev-mdraid	3.5.0-2	3.5.0-2	same_source
libblockdev-mpath	3.5.0-2	3.5.0-2	same_source
libblockdev-nvdimm	3.5.0-2	3.5.0-2	same_source
libblockdev-nvme	3.5.0-2	3.5.0-2	same_source
libblockdev-part	3.5.0-2	3.5.0-2	same_source
libblockdev-smart	3.5.0-2	3.5.0-2	same_source
libblockdev-swap	3.5.0-2	3.5.0-2	same_source
libbluray	1.5.1-1	1.5.1-1	same_source
libbpf	1.7.0-1	1.7.0-1	same_source
libbs2b	3.1.0-10	3.1.0-10	same_source
libbsd	0.12.2-2	0.12.2-2	same_source
libbytesize	2.12-3	2.12-3	same_source
libcap	2.78-1	2.78-1	same_source
libcap-ng	0.9.6-1	0.9.6-1	same_source
libcdio	2.4.0-1	2.4.0-1	same_source
libcdio-paranoia	10.2+2.0.2-3	10.2+2.0.2-3	same_source
libcgif	0.5.4-1	0.5.4-1	same_source
libcloudproviders	0.4.1-1	0.4.1-1	same_source
libcloudproviders-docs	0.4.1-1	0.4.1-1	same_source
libcolord	1.4.8-1	1.4.8-1	same_source
libcups	2:2.4.20-1	2:2.4.19-1	newer_source
libcurl-compat	8.22.0-2	8.22.0-1	same_source
libcurl-gnutls	8.22.0-2	8.22.0-1	same_source
libdaemon	0.14-6	0.14-6	same_source
libdatrie	0.2.14-1	0.2.14-1	same_source
libdbusmenu-glib	18.10.20180917-2	18.10.20180917-2	same_source
libdbusmenu-gtk3	18.10.20180917-2	18.10.20180917-2	same_source
libdecor	0.2.5-1	0.2.5-1	same_source
libdeflate	1.26-1	1.26-1	same_source
libdex	1.2.0-1	1.1.0-1	newer_source
libdex-docs	1.2.0-1	1.1.0-1	newer_source
libdisplay-info	0.3.0-1	0.3.0-1	same_source
libdovi	3.4.0-1	3.4.0-1	same_source
libdrm	2.4.134-1	2.4.134-1	same_source
libdvdnav	7.0.0-1	7.0.0-1	same_source
libdvdread	7.1.1-1	7.1.1-1	same_source
libebur128	1.2.6-2	1.2.6-2	same_source
libedit	20260512_3.1-1	20260512_3.1-1	same_source
libei	1.6.0-1	1.6.0-1	same_source
libei-docs	1.6.0-1	1.6.0-1	same_source
libelf	0.196-1	0.196-1	same_source
libepoxy	1.5.10-3	1.5.10-3	same_source
libepoxy-docs	1.5.10-3	1.5.10-3	same_source
libevdev	1.13.7-1	1.13.7-1	same_source
libevent	2.1.13-4	2.1.13-2	same_source
libevent-docs	2.1.13-4	2.1.13-2	same_source
libexif	0.6.26-1	0.6.26-1	same_source
libfabric	2.7.0-1	2.7.0-1	same_source
libfdk-aac	2.0.3-2	2.0.3-2	same_source
libffi	3.8.0-1	3.8.0-1	same_source
libfontenc	1.1.9-1	1.1.9-1	same_source
libfreeaptx	0.2.2-1	0.2.2-1	same_source
libfyaml	0.9.6-3	0.9.6-3	same_source
libgcc	16.2.1+r23+gd564253eb6c8-2	16.2.1+r23+gd564253eb6c8-1	same_source
libgccjit	16.2.1+r23+gd564253eb6c8-2	16.2.1+r23+gd564253eb6c8-1	same_source
libgcobol	16.2.1+r23+gd564253eb6c8-2	16.2.1+r23+gd564253eb6c8-1	same_source
libgcrypt	1.12.4-2	1.12.4-1	same_source
libgdiplus	6.2-3	6.2-1	same_source
libgfortran	16.2.1+r23+gd564253eb6c8-2	16.2.1+r23+gd564253eb6c8-1	same_source
libgirepository	1.86.0-3	1.86.0-2	same_source
libgit2	1:1.9.7-2	1:1.9.7-1	same_source
libglvnd	1.7.0-3	1.7.0-3	same_source
libgm2	16.2.1+r23+gd564253eb6c8-2	16.2.1+r23+gd564253eb6c8-1	same_source
libgnomekbd	1:3.28.1-2	1:3.28.1-2	same_source
libgo	16.2.1+r23+gd564253eb6c8-2	16.2.1+r23+gd564253eb6c8-1	same_source
libgomp	16.2.1+r23+gd564253eb6c8-2	16.2.1+r23+gd564253eb6c8-1	same_source
libgpg-error	1.61-1	1.61-1	same_source
libgphobos	16.2.1+r23+gd564253eb6c8-2	16.2.1+r23+gd564253eb6c8-1	same_source
libgudev	238-3	238-3	same_source
libhwasan	16.2.1+r23+gd564253eb6c8-2	16.2.1+r23+gd564253eb6c8-1	same_source
libical	4.0.6-1	4.0.6-1	same_source
libical-docs	4.0.6-1	4.0.6-1	same_source
libice	1.1.2-1	1.1.2-1	same_source
libidn2	2.3.8-2	2.3.8-1	same_source
libiec61883	1.2.0-9	1.2.0-9	same_source
libimagequant	4.4.1-2	4.4.1-2	same_source
libimobiledevice	1.4.0-2	1.4.0-2	same_source
libimobiledevice-glue	1.3.2-1	1.3.2-1	same_source
libinih	62-2	62-2	same_source
libinput	1.32.0-1	1.32.0-1	same_source
libinput-tools	1.32.0-1	1.32.0-1	same_source
libisl	0.28-1	0.28-1	same_source
libitm	16.2.1+r23+gd564253eb6c8-2	16.2.1+r23+gd564253eb6c8-1	same_source
libjpeg-turbo	3.2.0-3	3.2.0-2	same_source
libjxl	0.12.0-1	0.12.0-1	same_source
libjxl-doc	0.12.0-1	0.12.0-1	same_source
libksba	1.8.1-1	1.8.1-1	same_source
liblc3	1.1.3-2	1.1.3-2	same_source
libldac	2.0.2.6-1	2.0.2.6-1	same_source
libldap	2.7.1-1	2.7.1-1	same_source
libliftoff	0.5.0-1	0.5.0-1	same_source
liblsan	16.2.1+r23+gd564253eb6c8-2	16.2.1+r23+gd564253eb6c8-1	same_source
libmalcontent	0.14.0-5	0.14.0-4	same_source
libmatio	1.6.0-1	1.5.30-1	newer_source
libmd	1.3.0-1	1.3.0-1	same_source
libmm-glib	1.24.2-1	1.24.2-1	same_source
libmng	2.0.3-4	2.0.3-4	same_source
libmnl	1.0.5-2	1.0.5-2	same_source
libmodplug	0.8.9.0-7	0.8.9.0-7	same_source
libmpc	1.4.1-1	1.4.1-1	same_source
libmysofa	1.3.5-1	1.3.5-1	same_source
libndp	1.9-1	1.9-1	same_source
libnetfilter_conntrack	1.1.1-1	1.1.1-1	same_source
libnewt	0.52.25-2	0.52.25-2	same_source
libnfnetlink	1.0.2-2	1.0.2-2	same_source
libnftnl	1.3.2-1	1.3.2-1	same_source
libnghttp2	1.70.0-2	1.70.0-1	same_source
libnghttp3	1.18.0-1	1.18.0-1	same_source
libngtcp2	1.25.0-1	1.25.0-1	same_source
libnice	0.1.24-1	0.1.24-1	same_source
libnl	3.12.0-1	3.12.0-1	same_source
libnm	1.58.1-2	1.58.1-2	same_source
libnotify	0.8.8-1	0.8.8-1	same_source
libnotify-docs	0.8.8-1	0.8.8-1	same_source
libnsl	2.0.1-2	2.0.1-2	same_source
libntfs-3g	2026.9.28-1	2026.9.28-1	same_source
libnvme	1.16.2-2	1.16.2-2	same_source
libobjc	16.2.1+r23+gd564253eb6c8-2	16.2.1+r23+gd564253eb6c8-1	same_source
libogg	1.3.6-1	1.3.6-1	same_source
libopenmpt	0.8.9-1	0.8.9-1	same_source
libp11-kit	0.26.5-1	0.26.5-1	same_source
libpcap	1.11.0-1	1.11.0-1	same_source
libpciaccess	0.19-1	0.19-1	same_source
libpgm	5.3.128-4	5.3.128-4	same_source
libpipeline	1.5.8-1	1.5.8-1	same_source
libpipewire	1:1.6.9-1	1:1.6.9-1	same_source
libplacebo	7.360.1-7	7.360.1-7	same_source
libplist	2.7.0-3	2.7.0-3	same_source
libpng	1.6.59-1	1.6.59-1	same_source
libproxy	0.5.12-1	0.5.12-1	same_source
libproxy-docs	0.5.12-1	0.5.12-1	same_source
libpsl	0.21.5-3	0.21.5-2	same_source
libpulse	17.0+r98+gb096704c0-1	17.0+r98+gb096704c0-1	same_source
libpwquality	1.4.5-7	1.4.5-7	same_source
libqalculate	5.13.0-1	5.13.0-1	same_source
libquadmath	16.2.1+r23+gd564253eb6c8-2	16.2.1+r23+gd564253eb6c8-1	same_source
libraw	0.22.2-1	0.22.2-1	same_source
libraw1394	2.1.2-4	2.1.2-4	same_source
librsvg	2:2.63.2-1	2:2.62.4-1	newer_source
librsvg-docs	2:2.63.2-1	2:2.62.4-1	newer_source
libsamplerate	0.2.2-3	0.2.2-3	same_source
libsasl	2.1.28-5	2.1.28-5	same_source
libseccomp	2.6.0-2	2.6.0-1	same_source
libsecret	0.21.8.2-1	0.21.8.2-1	same_source
libsecret-docs	0.21.8.2-1	0.21.8.2-1	same_source
libsigc++	2.12.2-1	2.12.2-1	same_source
libsigc++-3.0	3.8.1-1	3.8.1-1	same_source
libsigc++-3.0-docs	3.8.1-1	3.8.1-1	same_source
libsigc++-docs	2.12.2-1	2.12.2-1	same_source
libsm	1.2.6-1	1.2.6-1	same_source
libsndfile	1.2.2-4	1.2.2-4	same_source
libsodium	1.0.22-1	1.0.22-1	same_source
libsoup3	3.8.0-1	3.6.6-2	newer_source
libsoup3-docs	3.8.0-1	3.6.6-2	newer_source
libsoxr	0.1.3-5	0.1.3-5	same_source
libssh	0.12.2-1	0.12.2-1	same_source
libssh-docs	0.12.2-1	0.12.2-1	same_source
libssh2	1.11.1-8	1.11.1-7	same_source
libstdc++	16.2.1+r23+gd564253eb6c8-2	16.2.1+r23+gd564253eb6c8-1	same_source
libstemmer	3.1.1-1	3.1.1-1	same_source
libsysprof-capture	51.0-1	50.0-6	newer_source
libtasn1	4.21.0-1	4.21.0-1	same_source
libtatsu	1.0.5-1	1.0.5-1	same_source
libteam	1.32-3	1.32-3	same_source
libteam-docs	1.32-3	1.32-3	same_source
libthai	0.1.30-1	0.1.30-1	same_source
libtheora	1.2.0-1	1.2.0-1	same_source
libtiff	4.7.2-1	4.7.2-1	same_source
libtirpc	1.3.8-1	1.3.8-1	same_source
libtool	2.6.2-5	2.6.2-5	same_source
libtsan	16.2.1+r23+gd564253eb6c8-2	16.2.1+r23+gd564253eb6c8-1	same_source
libubsan	16.2.1+r23+gd564253eb6c8-2	16.2.1+r23+gd564253eb6c8-1	same_source
libunibreak	7.0-1	7.0-1	same_source
libunistring	1.4.2-1	1.4.2-1	same_source
libunwind	1.8.3-1	1.8.3-1	same_source
liburcu	0.15.7-1	0.15.7-1	same_source
liburing	2.15-2	2.15-1	same_source
libusb	1.0.30-2	1.0.30-1	same_source
libusbmuxd	2.1.1-2	2.1.1-2	same_source
libuv	1.53.0-1	1.52.1-2	newer_source
libva	2.24.1-1	2.24.1-1	same_source
libvdpau	1.5-4	1.5-4	same_source
libverto	0.3.2-6	0.3.2-6	same_source
libvips	8.18.7-1	8.18.7-1	same_source
libvips-docs	8.18.7-1	8.18.7-1	same_source
libvorbis	1.3.7-4	1.3.7-4	same_source
libvorbis-docs	1.3.7-4	1.3.7-4	same_source
libvpl	2.17.0-1	2.17.0-1	same_source
libvpx	1.17.0-1	1.17.0-1	same_source
libwacom	2.20.0-1	2.20.0-1	same_source
libwebp	1.6.0-3	1.6.0-2	same_source
libwebp-utils	1.6.0-3	1.6.0-2	same_source
libwireplumber	0.5.18-1	0.5.18-1	same_source
libx11	1.8.13-2	1.8.13-1	same_source
libx86emu	3.7-2	3.7-2	same_source
libxau	1.0.12-1	1.0.12-1	same_source
libxcb	1.17.0-1	1.17.0-1	same_source
libxcomposite	0.4.7-1	0.4.7-1	same_source
libxcrypt	4.5.2-3	4.5.2-1	same_source
libxcrypt-compat	4.5.2-3	4.5.2-1	same_source
libxcursor	1.2.3-1	1.2.3-1	same_source
libxcvt	0.1.3-1	0.1.3-1	same_source
libxdamage	1.1.7-1	1.1.7-1	same_source
libxdmcp	1.1.5-2	1.1.5-2	same_source
libxext	1.3.7-1	1.3.7-1	same_source
libxfixes	6.0.2-1	6.0.2-1	same_source
libxfont2	2.0.9-1	2.0.9-1	same_source
libxft	2.3.9-1	2.3.9-1	same_source
libxi	1.8.3-1	1.8.3-1	same_source
libxinerama	1.1.6-1	1.1.6-1	same_source
libxkbcommon	1.13.2-1	1.13.2-1	same_source
libxkbcommon-doc	1.13.2-1	1.13.2-1	same_source
libxkbcommon-x11	1.13.2-1	1.13.2-1	same_source
libxkbfile	1.2.0-1	1.2.0-1	same_source
libxklavier	5.4-7	5.4-7	same_source
libxml2	2.15.4-1	2.15.4-1	same_source
libxml2-docs	2.15.4-1	2.15.4-1	same_source
libxmlb	0.3.29-1	0.3.29-1	same_source
libxrandr	1.5.5-1	1.5.5-1	same_source
libxrender	0.9.12-1	0.9.12-1	same_source
libxshmfence	1.3.3-1	1.3.3-1	same_source
libxslt	1.1.45-2	1.1.45-2	same_source
libxslt-docs	1.1.45-2	1.1.45-2	same_source
libxss	1.2.5-1	1.2.5-1	same_source
libxt	1.3.1-1	1.3.1-1	same_source
libxtst	1.2.5-1	1.2.5-1	same_source
libxv	1.0.13-1	1.0.13-1	same_source
libxxf86vm	1.1.7-1	1.1.7-1	same_source
libyaml	0.2.5-3	0.2.5-3	same_source
licenses	20240728-1	20240728-1	same_source
lilv	0.28.0-2	0.28.0-1	same_source
lilv-tools	0.28.0-2	0.28.0-1	same_source
limine	12.9.2-1	12.9.2-1	same_source
linux-api-headers	7.2-1	7.2-1	same_source
linux-firmware	20260916-1	20260916-1	same_source
linux-firmware-amd	20260916-1	20260916-1	same_source
linux-firmware-amdgpu	20260916-1	20260916-1	same_source
linux-firmware-atheros	20260916-1	20260916-1	same_source
linux-firmware-broadcom	20260916-1	20260916-1	same_source
linux-firmware-cirrus	20260916-1	20260916-1	same_source
linux-firmware-intel	20260916-1	20260916-1	same_source
linux-firmware-liquidio	20260916-1	20260916-1	same_source
linux-firmware-marvell	20260916-1	20260916-1	same_source
linux-firmware-mediatek	20260916-1	20260916-1	same_source
linux-firmware-mellanox	20260916-1	20260916-1	same_source
linux-firmware-nfp	20260916-1	20260916-1	same_source
linux-firmware-nvidia	20260916-1	20260916-1	same_source
linux-firmware-other	20260916-1	20260916-1	same_source
linux-firmware-qcom	20260916-1	20260916-1	same_source
linux-firmware-qlogic	20260916-1	20260916-1	same_source
linux-firmware-radeon	20260916-1	20260916-1	same_source
linux-firmware-realtek	20260916-1	20260916-1	same_source
linux-firmware-ti	20260916-1	20260916-1	same_source
linux-firmware-whence	20260916-1	20260916-1	same_source
litehtml	0.10-2	0.10-1	same_source
lld	23.1.1-1	23.1.1-1	same_source
lld21	21.1.8-1	21.1.8-1	same_source
llhttp	9.3.1-1	9.3.1-1	same_source
llvm	23.1.1-1	23.1.1-1	same_source
llvm-libs	23.1.1-1	23.1.1-1	same_source
llvm21	21.1.8-1.1	21.1.8-1	same_source
llvm21-libs	21.1.8-1.1	21.1.8-1	same_source
llvm22	22.1.8-3	22.1.8-2	same_source
llvm22-libs	22.1.8-3	22.1.8-2	same_source
lm_sensors	1:3.6.2-1	1:3.6.2-1	same_source
lmdb	1.0.0-1	0.9.35-1	newer_source
lsof	4.99.7-1	4.99.7-1	same_source
lto-dump	16.2.1+r23+gd564253eb6c8-2	16.2.1+r23+gd564253eb6c8-1	same_source
lua	5.5.1-1	5.5.1-1	same_source
lua54	5.4.9-1	5.4.9-1	same_source
lv2	1.18.10-2	1.18.10-2	same_source
lv2-docs	1.18.10-2	1.18.10-2	same_source
lv2-example-plugins	1.18.10-2	1.18.10-2	same_source
lvm2	2.03.43-2	2.03.43-2	same_source
lz4	1:1.10.0-2	1:1.10.0-2	same_source
lzo	2.10-5	2.10-5	same_source
m4	1.4.21-2	1.4.21-2	same_source
mailcap	2.1.54-3	2.1.54-3	same_source
make	4.4.1-3	4.4.1-3	same_source
man-db	2.13.1-4	2.13.1-2	same_source
matugen	4.2.0-1	4.2.0-1	same_source
md4c	0.6.0-2	0.6.0-2	same_source
mdadm	4.6-2	4.6-2	same_source
mesa	1:26.2.4-1	1:26.2.4-1	same_source
mesa-docs	1:26.2.4-1	1:26.2.4-1	same_source
mesa-utils	9.0.0-1	9.0.0-7	same_source
meson	1.12.1-1	1.12.1-2	same_source
meson-python	0.22.0-1	0.22.1-1	older_source
minizip	1:1.3.2-4	1:1.3.2-3	same_source
mkinitcpio	42.2-1	42.2-1	same_source
mkinitcpio-archiso	73-1	73-1	same_source
mkinitcpio-busybox	1.36.1-1	1.36.1-1	same_source
mm-common	1.0.8-1	1.0.8-1	same_source
mobile-broadband-provider-info	20251101-1	20251101-1	same_source
modemmanager	1.24.2-1	1.24.2-1	same_source
modemmanager-docs	1.24.2-1	1.24.2-1	same_source
mono	6.12.0.206-3	6.12.0.206-1	same_source
mpdecimal	4.0.1-3	4.0.1-3	same_source
mpfr	4.2.2-2	4.2.2-1	same_source
mpg123	1.33.7-1	1.33.7-1	same_source
mtdev	1.1.7-1	1.1.7-1	same_source
musl	1.2.6-3	1.2.6-2	same_source
musl-aarch64	1.2.6-3	1.2.6-2	same_source
nbd	3.27.1-4	3.27.1-4	same_source
nccl	2.32.3-1	2.32.3-1	same_source
ncurses	6.6-4	6.6-2	same_source
nemo	6.6.4-1	6.6.4-1	same_source
nettle	4.0-2	4.0-1	same_source
networkmanager	1.58.1-2	1.58.1-2	same_source
networkmanager-docs	1.58.1-2	1.58.1-2	same_source
nfs-utils	3.1.1-3	3.1.1-1	same_source
nfsidmap	3.1.1-3	3.1.1-1	same_source
nftables	1:1.1.7-3	1:1.1.7-3	same_source
ninja	1.13.2-3	1.13.2-3	same_source
nlohmann-json	3.12.0-2	3.12.0-2	same_source
nm-cloud-setup	1.58.1-2	1.58.1-2	same_source
noto-fonts	1:2026.10.01-2	1:2026.10.01-1	same_source
noto-fonts-extra	1:2026.10.01-2	1:2026.10.01-1	same_source
npth	1.8-1	1.8-1	same_source
nspr	4.40-1	4.40-1	same_source
nss	3.130-2	3.130-1	same_source
ntfs-3g	2026.9.28-1	2026.9.28-1	same_source
ntfsprogs	2026.9.28-1	2026.9.28-1	same_source
numactl	2.0.19-2	2.0.19-1	same_source
nvidia-open-dkms	615.71.09-1	615.71.09-1	same_source
nvidia-utils	615.71.09-2	615.71.09-1	same_source
nvme-cli	3.1-1	3.1-1	same_source
ocl-icd	2.3.5-1	2.3.5-1	same_source
onetbb	2023.1.0-1	2023.1.0-1	same_source
oniguruma	6.9.10-1	6.9.10-1	same_source
opencl-mesa	1:26.2.4-1	1:26.2.4-1	same_source
opencl-nvidia	615.71.09-1	615.71.09-1	same_source
opencore-amr	0.1.6-2	0.1.6-2	same_source
openexr	3.5.2-1	3.5.2-1	same_source
openjpeg2	2.5.4-1	2.5.4-1	same_source
openjph	0.32.0-1	0.32.0-1	same_source
openjph-doc	0.32.0-1	0.32.0-1	same_source
openldap	2.7.1-1	2.7.1-1	same_source
openmpi	5.0.11-2	5.0.11-1	same_source
openmpi-docs	5.0.11-2	5.0.11-1	same_source
openpmix	5.0.11-1	5.0.11-1	same_source
openpmix-docs	5.0.11-1	5.0.11-1	same_source
openssh	10.5p1-2	10.5p1-1	same_source
openssl	3.6.4-3	3.6.5-1	older_source
openucc	1.9.0-1	1.9.0-1	same_source
openucx	1.20.1-4	1.20.1-3	same_source
opus	1.6.1-1	1.6.1-1	same_source
opus-docs	1.6.1-1	1.6.1-1	same_source
orc	0.4.44-1	0.4.44-1	same_source
orc-docs	0.4.44-1	0.4.44-1	same_source
ostra-cg	1:1.32-1	1:1.32-1	same_source
ostree	2026.4-2	2026.4-1	same_source
p11-kit	0.26.5-1	0.26.5-1	same_source
p11-kit-docs	0.26.5-1	0.26.5-1	same_source
pacman-mirrorlist	20260610-1	20260610-1	same_source
pahole	1:1.32-1	1:1.32-1	same_source
pam	1.7.3-1	1.7.3-1	same_source
pambase	20260616-1	20260616-1	same_source
pango	1:1.58.2-1	1:1.58.2-1	same_source
pango-docs	1:1.58.2-1	1:1.58.2-1	same_source
pangomm	2.46.5-1	2.46.5-1	same_source
pangomm-docs	2.46.5-1	2.46.5-1	same_source
parted	3.8-1	3.8-1	same_source
patch	2.8-1	2.8-1	same_source
patchelf	0.19.2-1	0.19.2-1	same_source
pciutils	3.15.0-1	3.15.0-1	same_source
pcre	8.45-5	8.45-5	same_source
pcre2	10.49-2	10.49-1	same_source
pcsclite	2.5.2-1	2.5.2-1	same_source
perl	5.42.3-2	5.42.2-2	newer_source
perl-class-inspector	1.36-10	1.36-10	same_source
perl-clone	0.51-1	0.51-1	same_source
perl-encode-locale	1.05-15	1.05-15	same_source
perl-error	0.17030-3	0.17030-3	same_source
perl-file-listing	6.16-6	6.16-6	same_source
perl-file-sharedir	1.118-8	1.118-8	same_source
perl-html-parser	3.86-1	3.86-1	same_source
perl-html-tagset	3.24-4	3.24-4	same_source
perl-http-cookiejar	0.014-5	0.014-5	same_source
perl-http-cookies	6.12-1	6.12-1	same_source
perl-http-daemon	6.17-1	6.17-1	same_source
perl-http-date	6.08-1	6.08-1	same_source
perl-http-message	7.04-1	7.04-1	same_source
perl-http-negotiate	6.01-16	6.01-16	same_source
perl-io-html	1.004-8	1.004-8	same_source
perl-libwww	6.83-1	6.83-1	same_source
perl-lwp-mediatypes	6.05-1	6.05-1	same_source
perl-mailtools	2.22-3	2.22-3	same_source
perl-mime-base32	1.303-13	1.303-13	same_source
perl-net-http	6.24-2	6.24-2	same_source
perl-timedate	2.35-1	2.35-1	same_source
perl-try-tiny	0.32-4	0.32-4	same_source
perl-uri	5.37-1	5.37-1	same_source
perl-www-robotrules	6.03-1	6.03-1	same_source
perl-xml-parser	2.59-1	2.59-1	same_source
perl-xml-writer	0.900-6	0.900-6	same_source
pinentry	1.3.3-1	1.3.3-1	same_source
pipewire	1:1.6.9-1	1:1.6.9-1	same_source
pipewire-alsa	1:1.6.9-1	1:1.6.9-1	same_source
pipewire-audio	1:1.6.9-1	1:1.6.9-1	same_source
pipewire-docs	1:1.6.9-1	1:1.6.9-1	same_source
pipewire-ffado	1:1.6.9-1	1:1.6.9-1	same_source
pipewire-jack	1:1.6.9-1	1:1.6.9-1	same_source
pipewire-jack-client	1:1.6.9-1	1:1.6.9-1	same_source
pipewire-libcamera	1:1.6.9-1	1:1.6.9-1	same_source
pipewire-netjack2	1:1.6.9-1	1:1.6.9-1	same_source
pipewire-onnx	1:1.6.9-1	1:1.6.9-1	same_source
pipewire-pulse	1:1.6.9-1	1:1.6.9-1	same_source
pipewire-roc	1:1.6.9-1	1:1.6.9-1	same_source
pipewire-session-manager	1:1.6.9-1	1:1.6.9-1	same_source
pipewire-system-services	1:1.6.9-1	1:1.6.9-1	same_source
pipewire-v4l2	1:1.6.9-1	1:1.6.9-1	same_source
pipewire-x11-bell	1:1.6.9-1	1:1.6.9-1	same_source
pipewire-zeroconf	1:1.6.9-1	1:1.6.9-1	same_source
pixman	0.46.4-1	0.46.4-1	same_source
pkgconf	3.0.7-1	3.0.7-1	same_source
playerctl	2.4.1-5	2.4.1-5	same_source
polkit	127-5	127-3	same_source
polkit-qt5	0.201.1-1	0.201.1-1	same_source
polkit-qt6	0.201.1-1	0.201.1-1	same_source
popt	1.19-2	1.19-2	same_source
portaudio	1:19.7.0-4	1:19.7.0-4	same_source
postgresql	18.6-2	18.6-2	same_source
postgresql-docs	18.6-2	18.6-2	same_source
postgresql-libs	18.6-2	18.6-2	same_source
procps-ng	4.0.7-1	4.0.7-1	same_source
prrte	3.0.14-1	3.0.14-1	same_source
prrte-docs	3.0.14-1	3.0.14-1	same_source
psmisc	23.7-2	23.7-2	same_source
pulse-native-provider	1:1.6.9-1	1:1.6.9-1	same_source
pulseaudio	17.0+r98+gb096704c0-1	17.0+r98+gb096704c0-1	same_source
pulseaudio-bluetooth	17.0+r98+gb096704c0-1	17.0+r98+gb096704c0-1	same_source
pulseaudio-equalizer	17.0+r98+gb096704c0-1	17.0+r98+gb096704c0-1	same_source
pulseaudio-jack	17.0+r98+gb096704c0-1	17.0+r98+gb096704c0-1	same_source
pulseaudio-lirc	17.0+r98+gb096704c0-1	17.0+r98+gb096704c0-1	same_source
pulseaudio-rtp	17.0+r98+gb096704c0-1	17.0+r98+gb096704c0-1	same_source
pulseaudio-zeroconf	17.0+r98+gb096704c0-1	17.0+r98+gb096704c0-1	same_source
python	3.14.8-1	3.14.7-1	newer_source
python-audit	4.2.1-1	4.2.1-1	same_source
python-brotli	1.2.0-1	1.2.0-1	same_source
python-build	1.6.0-1	1.6.0-1	same_source
python-cairo	1.29.2-1	1.29.2-1	same_source
python-cairo-docs	1.29.2-1	1.29.2-1	same_source
python-calver	2025.10.20-1	2025.10.20-1	same_source
python-capng	0.9.6-1	0.9.6-1	same_source
python-cppheaderparser	2.7.4-10	2.7.4-10	same_source
python-dbus	1.5.0-1	1.5.0-1	same_source
python-dbus-docs	1.5.0-1	1.5.0-1	same_source
python-docutils	1:0.23-1	1:0.23-1	same_source
python-editables	0.6-1	0.6-1	same_source
python-fastjsonschema	2.21.2-2	2.21.2-2	same_source
python-flit-core	4.1.0-1	4.1.0-1	same_source
python-gobject	3.58.0-1	3.56.3-1	newer_source
python-gobject-docs	3.58.0-1	3.56.3-1	newer_source
python-hatch-vcs	0.5.0-4	0.5.0-4	same_source
python-hatchling	1.32.3-1	1.32.3-1	same_source
python-installer	1.0.1-1	1.0.1-1	same_source
python-lark-parser	1.3.1-2	1.3.1-2	same_source
python-libblockdev	3.5.0-2	3.5.0-2	same_source
python-libseccomp	2.6.0-2	2.6.0-1	same_source
python-lilv	0.28.0-2	0.28.0-1	same_source
python-myst-parser	5.1.0-1	5.1.0-1	same_source
python-numpy	2.5.3-1	2.5.3-1	same_source
python-packaging	26.3-1	26.3-1	same_source
python-pathspec	1.1.1-1	1.1.1-1	same_source
python-pluggy	1.6.0-3	1.6.0-3	same_source
python-ply	3.11-17	3.11-17	same_source
python-poetry-core	2.5.0-1	2.5.0-1	same_source
python-prettytable	3.18.0-1	3.18.0-1	same_source
python-psutil	7.2.2-1	7.2.2-1	same_source
python-pyaml	26.7.0-1	26.7.0-1	same_source
python-pyelftools	0.33-1	0.33-1	same_source
python-pygments	2.21.0-1	2.21.0-1	same_source
python-pyproject-metadata	0.12.1-3	0.9.0-3	newer_source
python-pyxdg	0.28-7	0.28-7	same_source
python-setproctitle	1.3.7-2	1.3.7-2	same_source
python-setuptools	1:84.0.0-3	1:84.0.0-1	same_source
python-setuptools-scm	10.3.4-1	10.3.4-1	same_source
python-sphinx	9.1.0-1	9.1.0-1	same_source
python-tests	3.14.8-1	3.14.7-1	newer_source
python-tomlkit	0.15.1-1	0.15.1-1	same_source
python-tqdm	4.70.1-1	4.70.1-1	same_source
python-trove-classifiers	2026.9.21.13-1	2026.9.21.13-1	same_source
python-typing_extensions	4.16.0-1	4.16.0-1	same_source
python-vcs-versioning	2.5.0-1	2.5.0-1	same_source
python-volume_key	0.3.12-12	0.3.12-12	same_source
python-wcag-contrast-ratio	0.9-8	0.9-8	same_source
python-wcwidth	0.9.2-1	0.9.2-1	same_source
python-wheel	0.48.0-1	0.48.0-1	same_source
python-yaml	6.0.3-2	6.0.3-2	same_source
qt5-base	5.15.19+kde+r96-1	5.15.19+kde+r96-1	same_source
qt5-xcb-private-headers	5.15.19+kde+r96-1	5.15.19+kde+r96-1	same_source
qt6-base	6.12.0-2	6.11.2-3	newer_source
qt6-declarative	6.12.0-2	6.11.2-2	newer_source
qt6-imageformats	6.12.0-1	6.11.2-1	newer_source
qt6-languageserver	6.12.0-1	6.11.2-1	newer_source
qt6-shadertools	6.12.0-1	6.11.2-1	newer_source
qt6-svg	6.12.0-1	6.11.2-1	newer_source
qt6-tools	6.12.0-3	6.11.2-2	newer_source
qt6-translations	6.12.0-1	6.11.2-1	newer_source
qt6-xcb-private-headers	6.12.0-2	6.11.2-3	newer_source
rav1e	0.8.1-3	0.8.1-3	same_source
rccl	7.2.4-1	7.2.4-1	same_source
rdma-core	65.0-1	65.0-1	same_source
re2c	4.6-2	4.6-1	same_source
readline	8.3.6-2	8.3.6-1	same_source
rhash	1.4.6-2	1.4.6-1	same_source
ripgrep	15.2.0-1	15.2.0-1	same_source
rocm-cmake	7.2.4-1	7.2.4-1	same_source
rocm-core	7.2.4-1	7.2.4-1	same_source
rocm-device-libs	2:7.2.4-3	2:7.2.4-2	same_source
rocm-language-runtime	7.2.4-1	7.2.4-1	same_source
rocm-llvm	2:7.2.4-3	2:7.2.4-2	same_source
rocm-smi-lib	7.2.0-2	7.2.0-2	same_source
rocminfo	7.2.4-1	7.2.4-1	same_source
rocprofiler-register	7.2.4-1	7.2.4-1	same_source
rpcbind	1.3.1-3	1.3.1-3	same_source
rsync	3.5.1-1	3.5.1-1	same_source
rubberband	4.0.0-2	4.0.0-2	same_source
rubberband-ladspa	4.0.0-2	4.0.0-2	same_source
rubberband-lv2	4.0.0-2	4.0.0-2	same_source
rubberband-vamp	4.0.0-2	4.0.0-2	same_source
rust	1:1.98.1-5	1:1.99.0-1	older_source
rust-aarch64-gnu	1:1.98.1-5	1:1.99.0-1	older_source
rust-aarch64-musl	1:1.98.1-5	1:1.99.0-1	older_source
rust-musl	1:1.98.1-5	1:1.99.0-1	older_source
rust-src	1:1.98.1-5	1:1.99.0-1	older_source
rust-wasm	1:1.98.1-5	1:1.99.0-1	older_source
sbc	2.2-1	2.2-1	same_source
scdoc	1.11.5-2	1.11.5-1	same_source
sdbus-cpp	2.3.1-1	2.3.1-1	same_source
sdbus-cpp-doc	2.3.1-1	2.3.1-1	same_source
sdl2-compat	2.32.74-1	2.32.74-1	same_source
sdl3	3.4.18-1	3.4.18-1	same_source
seatd	0.9.3-1	0.9.3-1	same_source
sed	4.10-2	4.10-2	same_source
serd	0.32.10-2	0.32.10-1	same_source
sgml-common	0.6.3-9	0.6.3-9	same_source
shaderc	2026.4-1	2026.4-1	same_source
shadow	4.20.0.arch1-3	4.20.0.arch1-1	same_source
shared-mime-info	2.5.1-3	2.5.1-2	same_source
simdjson	1:5.0.1-2	1:5.0.1-1	same_source
slang	2.3.3-4	2.3.3-4	same_source
slurp	1.5.0-2	1.5.0-2	same_source
smartmontools	7.5-1	7.5-1	same_source
snappy	1.3.1-1	1.2.2-3	newer_source
sndio	1.10.0-1	1.10.0-1	same_source
snowball	3.1.1-1	3.1.1-1	same_source
sord	0.16.22-1	0.16.22-1	same_source
sord-docs	0.16.22-1	0.16.22-1	same_source
source-highlight	3.1.9-19	3.1.9-19	same_source
spandsp	0.0.6-6	0.0.6-7	same_source
spandsp-docs	0.0.6-7	0.0.6-7	same_source
speex	1.2.1-2	1.2.1-2	same_source
speexdsp	1.2.1-2	1.2.1-2	same_source
spirv-headers	1.4.363.0-1	1:1.4.363.0-1	same_source
spirv-tools	1:1.4.363.0-1	1:1.4.363.0-1	same_source
sqlite	3.53.4-2	3.53.4-1	same_source
sqlite-analyzer	3.53.4-2	3.53.4-1	same_source
sqlite-doc	3.53.4-2	3.53.4-1	same_source
sqlite-tcl	3.53.4-2	3.53.4-1	same_source
squashfs-tools	4.7.5-1	4.7.5-1	same_source
sratom	0.6.22-1	0.6.22-1	same_source
sratom-docs	0.6.22-1	0.6.22-1	same_source
srt	1.5.7-2	1.5.7-1	same_source
stb	20260415.205329.g31c1ad374564-1	20260415.205329.g31c1ad374564-1	same_source
strace	7.2-1	7.2-1	same_source
sudo	1.9.17.p2-7	1.9.17.p2-6	same_source
svt-av1	4.2.0-1	4.2.0-1	same_source
syslinux	6.04.pre3.r3.g05ac953c-6	6.04.pre3.r3.g05ac953c-5	same_source
sysprof	51.0-1	50.0-6	newer_source
systemd	262-8	262-1	same_source
systemd-libs	262-8	262-1	same_source
systemd-resolvconf	262-8	262-1	same_source
systemd-sysvcompat	262-8	262-1	same_source
systemd-tests	262-8	262-1	same_source
systemd-ukify	262-8	262-1	same_source
tar	1.35-5	1.35-5	same_source
tar-scripts	1.35-5	1.35-5	same_source
terminus-font	4.49.1-8	4.49.1-8	same_source
texinfo	7.3-1	7.3-1	same_source
thin-provisioning-tools	1.3.4-1	1.3.4-1	same_source
tinysparql	3.12.0-1	3.11.1-1	newer_source
tinysparql-docs	3.12.0-1	3.11.1-1	newer_source
tinyxxd	1.3.17-1	1.3.17-1	same_source
tomlplusplus	3.4.0-2	3.4.0-2	same_source
tpm2-tools	5.8-2	5.8-1	same_source
tpm2-tss	4.2.0-3	4.2.0-2	same_source
tslib	1.24-1	1.24-1	same_source
ttf-dejavu	2.37+18+g9b5d1b2f-8	2.37+18+g9b5d1b2f-8	same_source
tzdata	2026d-2	2026e-1	older_source
udisks2	2.11.2-1	2.11.2-1	same_source
udisks2-btrfs	2.11.2-1	2.11.2-1	same_source
udisks2-docs	2.11.2-1	2.11.2-1	same_source
udisks2-lvm2	2.11.2-1	2.11.2-1	same_source
upower	1.91.5-1	1.91.5-1	same_source
usbutils	019-1	019-1	same_source
util-linux	2.42.4-3	2.42.4-1	same_source
util-linux-libs	2.42.4-3	2.42.4-1	same_source
uwsm	0.27.0-1	0.27.0-1	same_source
v4l-utils	1.32.0-2	1.32.0-2	same_source
valgrind	3.25.1-9	3.25.1-9	same_source
vapoursynth	80-1	80-1	same_source
vid.stab	1.1.2-1	1.1.2-1	same_source
vmaf	3.2.1-1	3.2.1-1	same_source
voa-verifiers-arch	20260909-1	20260909-1	same_source
volume_key	0.3.12-12	0.3.12-12	same_source
vulkan-asahi	1:26.2.4-1	1:26.2.4-1	same_source
vulkan-broadcom	1:26.2.4-1	1:26.2.4-1	same_source
vulkan-dzn	1:26.2.4-1	1:26.2.4-1	same_source
vulkan-freedreno	1:26.2.4-1	1:26.2.4-1	same_source
vulkan-gfxstream	1:26.2.4-1	1:26.2.4-1	same_source
vulkan-headers	1.4.364-1	1:1.4.363.0-1	newer_source
vulkan-icd-loader	1.4.364-1	1.4.363.0-1	newer_source
vulkan-intel	1:26.2.4-1	1:26.2.4-1	same_source
vulkan-mesa-implicit-layers	1:26.2.4-1	1:26.2.4-1	same_source
vulkan-mesa-layers	1:26.2.4-1	1:26.2.4-1	same_source
vulkan-nouveau	1:26.2.4-1	1:26.2.4-1	same_source
vulkan-panfrost	1:26.2.4-1	1:26.2.4-1	same_source
vulkan-powervr	1:26.2.4-1	1:26.2.4-1	same_source
vulkan-radeon	1:26.2.4-1	1:26.2.4-1	same_source
vulkan-swrast	1:26.2.4-1	1:26.2.4-1	same_source
vulkan-tools	1.4.363.0-1	1.4.363.0-1	same_source
vulkan-virtio	1:26.2.4-1	1:26.2.4-1	same_source
wasi-compiler-rt	23.1.1-1	23.1.1-1	same_source
wasi-libc	1:0+659+2e6fb9d8-2	1:0+659+2e6fb9d8-2	same_source
wasm-component-ld	0.5.30-1	0.5.30-1	same_source
wasm-pkg-tools	0.16.1-1	0.16.1-1	same_source
wasm-tools	1.258.0-1	1.258.0-1	same_source
wayland	1.26.0-1	1.26.0-1	same_source
wayland-docs	1.26.0-1	1.26.0-1	same_source
wayland-protocols	1.49-1	1.49-1	same_source
wayland-utils	1.3.0-1	1.3.0-1	same_source
webrtc-audio-processing-1	1.3-5	1.3-5	same_source
which	2.25-1	2.25-1	same_source
wireplumber	0.5.18-1	0.5.18-1	same_source
wireplumber-docs	0.5.18-1	0.5.18-1	same_source
wireplumber-system-services	0.5.18-1	0.5.18-1	same_source
wit-bindgen	0.62.0-1	0.62.0-1	same_source
wl-clipboard	1:2.3.0-1	1:2.3.0-1	same_source
wlroots0.20	0.20.2-1	0.20.2-1	same_source
wpa_supplicant	2:2.12-1	2:2.12-1	same_source
x264	3:0.165.r3222.b35605a-3	3:0.165.r3222.b35605a-2	same_source
x265	4.3-2	4.3-1	same_source
xapp	3.2.3-1	3.2.3-1	same_source
xapp-symbolic-icons	1.1.0-1	1.1.0-1	same_source
xcb-proto	1.17.0-4	1.17.0-4	same_source
xcb-util	0.4.1-2	0.4.1-2	same_source
xcb-util-cursor	0.1.6-1	0.1.6-1	same_source
xcb-util-errors	1.0.1-2	1.0.1-2	same_source
xcb-util-image	0.4.1-3	0.4.1-3	same_source
xcb-util-keysyms	0.4.1-5	0.4.1-5	same_source
xcb-util-renderutil	0.3.10-2	0.3.10-2	same_source
xcb-util-wm	0.4.2-2	0.4.2-2	same_source
xdg-dbus-proxy	0.1.9-2	0.1.9-1	same_source
xdg-desktop-portal	1.22.1-2	1.22.1-2	same_source
xdg-desktop-portal-gtk	1.15.3-1	1.15.3-1	same_source
xdg-desktop-portal-wlr	0.8.4-1	0.8.4-1	same_source
xdg-user-dirs	0.20-1	0.20-1	same_source
xdg-utils	1.2.1-2	1.2.1-2	same_source
xfsprogs	7.2.0-1	7.2.0-1	same_source
xkeyboard-config	2.48-1	2.48-1	same_source
xorg-fonts-encodings	1.1.0-2	1.1.0-2	same_source
xorg-server	21.1.24-1	21.1.24-1	same_source
xorg-server-common	21.1.24-1	21.1.24-1	same_source
xorg-server-devel	21.1.24-1	21.1.24-1	same_source
xorg-server-src	21.1.24-1	21.1.24-1	same_source
xorg-server-xephyr	21.1.24-1	21.1.24-1	same_source
xorg-server-xnest	21.1.24-1	21.1.24-1	same_source
xorg-server-xvfb	21.1.24-1	21.1.24-1	same_source
xorg-setxkbmap	1.3.5-1	1.3.5-1	same_source
xorg-xkbcomp	1.5.0-1	1.5.0-1	same_source
xorg-xprop	1.2.8-1	1.2.8-1	same_source
xorg-xwayland	24.1.13-1	24.1.13-1	same_source
xorgproto	2026.1-1	2025.1-1	newer_source
xvidcore	1.3.7-4	1.3.7-4	same_source
xxhash	0.8.4-2	0.8.4-1	same_source
xz	5.8.4-2	5.8.4-1	same_source
yaml-cpp	0.9.0-1	0.9.0-1	same_source
yyjson	0.13.0-1	0.13.0-1	same_source
zeromq	4.3.5-3	4.3.5-3	same_source
zig	0.16.0-1	0.16.0-1	same_source
zimg	3.0.6-2	3.0.6-2	same_source
zix	0.8.2-2	0.8.2-1	same_source
zlib	1:1.3.2-4	1:1.3.2-3	same_source
zlib-ng	2.3.3-1	2.3.3-1	same_source
zlib-ng-compat	2.3.3-1	2.3.3-1	same_source
zlib-static	1:1.3.2-4	1:1.3.2-3	same_source
zstd	1.5.7-6	1.5.7-3	same_source
