recipe	package	local_version	published_version	status
devario-core/aarch64-linux-gnu-binutils/PKGBUILD	aarch64-linux-gnu-binutils	2.47-1	2.47-1	equal
devario-core/aarch64-linux-gnu-gcc/PKGBUILD	aarch64-linux-gnu-gcc	16.1.0-1	16.1.0-1	equal
devario-core/aarch64-linux-gnu-glibc/PKGBUILD	aarch64-linux-gnu-glibc	2.44-1	2.44-1	equal
devario-core/aarch64-linux-gnu-linux-api-headers/PKGBUILD	aarch64-linux-gnu-linux-api-headers	7.0-1	7.0-1	equal
devario-core/accountsservice/PKGBUILD	accountsservice	26.27.3-2	26.27.3-2	equal
devario-core/aom/PKGBUILD	aom	3.15.1-2	3.15.1-2	equal
devario-core/aom/PKGBUILD	aom-docs	3.15.1-2	3.15.1-2	equal
devario-core/appstream/PKGBUILD	appstream	1.2.1-2	1.2.1-2	equal
devario-core/appstream/PKGBUILD	appstream-qt	1.2.1-2	1.2.1-2	equal
devario-core/asciidoctor/PKGBUILD	asciidoctor	2.0.26-1	2.0.26-1	equal
devario-core/atkmm-2.36/PKGBUILD	atkmm-2.36	2.36.4-1	2.36.4-1	equal
devario-core/atkmm-2.36/PKGBUILD	atkmm-2.36-docs	2.36.4-1	2.36.4-1	equal
devario-core/atkmm/PKGBUILD	atkmm	1:2.28.5-1	1:2.28.5-1	equal
devario-core/atkmm/PKGBUILD	atkmm-docs	1:2.28.5-1	1:2.28.5-1	equal
devario-core/avahi/PKGBUILD	avahi	1:0.9rc5-2	1:0.9rc5-2	equal
devario-core/bash-completion/PKGBUILD	bash-completion	2.18.0-1	2.18.0-1	equal
devario-core/binutils/PKGBUILD	binutils	2.47-7	2.47-7	equal
devario-core/btdu/PKGBUILD	btdu	0.7.2-2	0.7.2-2	equal
devario-core/ca-certificates/PKGBUILD	ca-certificates-utils	20240618-2	20240618-2	equal
devario-core/ca-certificates/PKGBUILD	ca-certificates	20240618-2	20240618-2	equal
devario-core/cairomm-1.16/PKGBUILD	cairomm-1.16	1.19.1-1	1.19.1-1	equal
devario-core/cairomm-1.16/PKGBUILD	cairomm-1.16-docs	1.19.1-1	1.19.1-1	equal
devario-core/cairomm/PKGBUILD	cairomm	1:1.14.6-1	1:1.14.6-1	equal
devario-core/cairomm/PKGBUILD	cairomm-docs	1:1.14.6-1	1:1.14.6-1	equal
devario-core/cccl/PKGBUILD	cccl	3.4.3-1	3.4.3-1	equal
devario-core/ckbcomp/PKGBUILD	ckbcomp	1.249-1	1.249-1	equal
devario-core/clang/PKGBUILD	clang	23.1.1-1	23.1.1-1	equal
devario-core/clang21/PKGBUILD	clang21	21.1.8-1	21.1.8-1	equal
devario-core/cmake/PKGBUILD	cmake	4.4.3-2	4.4.3-2	equal
devario-core/compiler-rt/PKGBUILD	compiler-rt	23.1.1-2	23.1.1-2	equal
devario-core/compiler-rt21/PKGBUILD	compiler-rt21	21.1.8-2	21.1.8-2	equal
devario-core/composefs/PKGBUILD	composefs	1.0.8-1	1.0.8-1	equal
devario-core/cppdap/PKGBUILD	cppdap	1.58.0-3	1.58.0-3	equal
devario-core/cuda/PKGBUILD	cuda	13.4.2-1	13.4.2-1	equal
devario-core/curl/PKGBUILD	curl	8.22.0-2	8.22.0-2	equal
devario-core/curl/PKGBUILD	libcurl-compat	8.22.0-2	8.22.0-2	equal
devario-core/curl/PKGBUILD	libcurl-gnutls	8.22.0-2	8.22.0-2	equal
devario-core/cython/PKGBUILD	cython	3.3.0-2	3.3.0-2	equal
devario-core/dbus/PKGBUILD	dbus	1.16.2-3	1.16.2-3	equal
devario-core/dbus/PKGBUILD	dbus-daemon-units	1.16.2-3	1.16.2-3	equal
devario-core/dbus/PKGBUILD	dbus-docs	1.16.2-3	1.16.2-3	equal
devario-core/dconf/PKGBUILD	dconf	51.0-2	51.0-2	equal
devario-core/desktop-file-utils/PKGBUILD	desktop-file-utils	0.28-2	0.28-2	equal
devario-core/devario-dracut/PKGBUILD	devario-dracut	112-6	112-6	equal
devario-core/ding-libs/PKGBUILD	ding-libs	0.7.0-1	0.7.0-1	equal
devario-core/dkms/PKGBUILD	dkms	3.4.3-3	3.4.3-3	equal
devario-core/docbook-sgml/PKGBUILD	docbook-sgml	4.5-11	4.5-11	equal
devario-core/docbook-xml/PKGBUILD	docbook-xml	4.5-11	4.5-11	equal
devario-core/docbook-xsl/PKGBUILD	docbook-xsl	1.79.2-9	1.79.2-9	equal
devario-core/doxygen/PKGBUILD	doxygen	1.18.0-3	1.18.0-3	equal
devario-core/emacs/PKGBUILD	emacs	31.1-2	31.1-2	equal
devario-core/emacs/PKGBUILD	emacs-nox	31.1-2	31.1-2	equal
devario-core/emacs/PKGBUILD	emacs-wayland	31.1-2	31.1-2	equal
devario-core/enchant/PKGBUILD	enchant	2.8.21-2	2.8.21-2	equal
devario-core/extra-cmake-modules/PKGBUILD	extra-cmake-modules	6.30.0-1	6.30.0-1	equal
devario-core/fish/PKGBUILD	fish	4.9.3-1	4.9.3-1	equal
devario-core/flatpak/PKGBUILD	flatpak	1:1.18.4-3	1:1.18.4-3	equal
devario-core/flatpak/PKGBUILD	flatpak-docs	1:1.18.4-3	1:1.18.4-3	equal
devario-core/fmt/PKGBUILD	fmt	12.2.0-2	12.2.0-2	equal
devario-core/fontconfig/PKGBUILD	fontconfig	2:2.18.3-3	2:2.18.3-3	equal
devario-core/freetype2/PKGBUILD	freetype2	2.14.3-2	2.14.3-2	equal
devario-core/freetype2/PKGBUILD	freetype2-demos	2.14.3-2	2.14.3-2	equal
devario-core/freetype2/PKGBUILD	freetype2-docs	2.14.3-2	2.14.3-2	equal
devario-core/gcc/PKGBUILD	gcc	16.2.1+r23+gd564253eb6c8-2	16.2.1+r23+gd564253eb6c8-2	equal
devario-core/gcc/PKGBUILD	gcc-ada	16.2.1+r23+gd564253eb6c8-2	16.2.1+r23+gd564253eb6c8-2	equal
devario-core/gcc/PKGBUILD	gcc-d	16.2.1+r23+gd564253eb6c8-2	16.2.1+r23+gd564253eb6c8-2	equal
devario-core/gcc/PKGBUILD	gcc-fortran	16.2.1+r23+gd564253eb6c8-2	16.2.1+r23+gd564253eb6c8-2	equal
devario-core/gcc/PKGBUILD	gcc-gcobol	16.2.1+r23+gd564253eb6c8-2	16.2.1+r23+gd564253eb6c8-2	equal
devario-core/gcc/PKGBUILD	gcc-go	16.2.1+r23+gd564253eb6c8-2	16.2.1+r23+gd564253eb6c8-2	equal
devario-core/gcc/PKGBUILD	gcc-libs	16.2.1+r23+gd564253eb6c8-2	16.2.1+r23+gd564253eb6c8-2	equal
devario-core/gcc/PKGBUILD	gcc-m2	16.2.1+r23+gd564253eb6c8-2	16.2.1+r23+gd564253eb6c8-2	equal
devario-core/gcc/PKGBUILD	gcc-objc	16.2.1+r23+gd564253eb6c8-2	16.2.1+r23+gd564253eb6c8-2	equal
devario-core/gcc/PKGBUILD	gcc-rust	16.2.1+r23+gd564253eb6c8-2	16.2.1+r23+gd564253eb6c8-2	equal
devario-core/gcc/PKGBUILD	lib32-gcc-libs	16.2.1+r23+gd564253eb6c8-2	16.2.1+r23+gd564253eb6c8-2	equal
devario-core/gcc/PKGBUILD	libasan	16.2.1+r23+gd564253eb6c8-2	16.2.1+r23+gd564253eb6c8-2	equal
devario-core/gcc/PKGBUILD	libatomic	16.2.1+r23+gd564253eb6c8-2	16.2.1+r23+gd564253eb6c8-2	equal
devario-core/gcc/PKGBUILD	libgcc	16.2.1+r23+gd564253eb6c8-2	16.2.1+r23+gd564253eb6c8-2	equal
devario-core/gcc/PKGBUILD	libgccjit	16.2.1+r23+gd564253eb6c8-2	16.2.1+r23+gd564253eb6c8-2	equal
devario-core/gcc/PKGBUILD	libgcobol	16.2.1+r23+gd564253eb6c8-2	16.2.1+r23+gd564253eb6c8-2	equal
devario-core/gcc/PKGBUILD	libgfortran	16.2.1+r23+gd564253eb6c8-2	16.2.1+r23+gd564253eb6c8-2	equal
devario-core/gcc/PKGBUILD	libgm2	16.2.1+r23+gd564253eb6c8-2	16.2.1+r23+gd564253eb6c8-2	equal
devario-core/gcc/PKGBUILD	libgo	16.2.1+r23+gd564253eb6c8-2	16.2.1+r23+gd564253eb6c8-2	equal
devario-core/gcc/PKGBUILD	libgomp	16.2.1+r23+gd564253eb6c8-2	16.2.1+r23+gd564253eb6c8-2	equal
devario-core/gcc/PKGBUILD	libgphobos	16.2.1+r23+gd564253eb6c8-2	16.2.1+r23+gd564253eb6c8-2	equal
devario-core/gcc/PKGBUILD	libhwasan	16.2.1+r23+gd564253eb6c8-2	16.2.1+r23+gd564253eb6c8-2	equal
devario-core/gcc/PKGBUILD	libitm	16.2.1+r23+gd564253eb6c8-2	16.2.1+r23+gd564253eb6c8-2	equal
devario-core/gcc/PKGBUILD	liblsan	16.2.1+r23+gd564253eb6c8-2	16.2.1+r23+gd564253eb6c8-2	equal
devario-core/gcc/PKGBUILD	libobjc	16.2.1+r23+gd564253eb6c8-2	16.2.1+r23+gd564253eb6c8-2	equal
devario-core/gcc/PKGBUILD	libquadmath	16.2.1+r23+gd564253eb6c8-2	16.2.1+r23+gd564253eb6c8-2	equal
devario-core/gcc/PKGBUILD	libstdc++	16.2.1+r23+gd564253eb6c8-2	16.2.1+r23+gd564253eb6c8-2	equal
devario-core/gcc/PKGBUILD	libtsan	16.2.1+r23+gd564253eb6c8-2	16.2.1+r23+gd564253eb6c8-2	equal
devario-core/gcc/PKGBUILD	libubsan	16.2.1+r23+gd564253eb6c8-2	16.2.1+r23+gd564253eb6c8-2	equal
devario-core/gcc/PKGBUILD	lto-dump	16.2.1+r23+gd564253eb6c8-2	16.2.1+r23+gd564253eb6c8-2	equal
devario-core/gdk-pixbuf2/PKGBUILD	gdk-pixbuf2	2.44.8-3	2.44.8-3	equal
devario-core/gdk-pixbuf2/PKGBUILD	gdk-pixbuf2-docs	2.44.8-3	2.44.8-3	equal
devario-core/gflags/PKGBUILD	gflags	2.2.2-6	2.2.2-6	equal
devario-core/giflib/PKGBUILD	giflib	6.1.3-3	6.1.3-3	equal
devario-core/glib2/PKGBUILD	glib2	2.90.0-2	2.90.0-2	equal
devario-core/glib2/PKGBUILD	glib2-devel	2.90.0-2	2.90.0-2	equal
devario-core/glib2/PKGBUILD	glib2-docs	2.90.0-2	2.90.0-2	equal
devario-core/glibc/PKGBUILD	glibc	2.44+r50+g1848099f063e-2	2.44+r50+g1848099f063e-2	equal
devario-core/glibc/PKGBUILD	lib32-glibc	2.44+r50+g1848099f063e-2	2.44+r50+g1848099f063e-2	equal
devario-core/glibc/PKGBUILD	glibc-locales	2.44+r50+g1848099f063e-2	2.44+r50+g1848099f063e-2	equal
devario-core/glibmm-2.68/PKGBUILD	glibmm-2.68	2.90.0-1	2.90.0-1	equal
devario-core/glibmm-2.68/PKGBUILD	glibmm-2.68-docs	2.90.0-1	2.90.0-1	equal
devario-core/glycin/PKGBUILD	glycin	2.2.1-1	2.2.1-1	equal
devario-core/glycin/PKGBUILD	glycin-gtk4	2.2.1-1	2.2.1-1	equal
devario-core/glycin/PKGBUILD	glycin-docs	2.2.1-1	2.2.1-1	equal
devario-core/go-md2man/PKGBUILD	go-md2man	2.0.7-2	2.0.7-2	equal
devario-core/gobject-introspection/PKGBUILD	gobject-introspection	1.86.0-3	1.86.0-3	equal
devario-core/gobject-introspection/PKGBUILD	gobject-introspection-runtime	1.86.0-3	1.86.0-3	equal
devario-core/gobject-introspection/PKGBUILD	libgirepository	1.86.0-3	1.86.0-3	equal
devario-core/google-glog/PKGBUILD	google-glog	0.7.1-2	0.7.1-2	equal
devario-core/gpgme/PKGBUILD	gpgme	2.2.0-2	2.2.0-2	equal
devario-core/gptfdisk/PKGBUILD	gptfdisk	1.0.10-3	1.0.10-3	equal
devario-core/graphviz/PKGBUILD	graphviz	16.1.0-2	16.1.0-2	equal
devario-core/gssproxy/PKGBUILD	gssproxy	0.9.2-4	0.9.2-4	equal
devario-core/gtk3/PKGBUILD	gtk3	1:3.24.52-3	1:3.24.52-3	equal
devario-core/gtk3/PKGBUILD	gtk3-demos	1:3.24.52-3	1:3.24.52-3	equal
devario-core/gtk3/PKGBUILD	gtk3-docs	1:3.24.52-3	1:3.24.52-3	equal
devario-core/gtk4/PKGBUILD	gtk4	1:4.24.1-2	1:4.24.1-2	equal
devario-core/gtk4/PKGBUILD	gtk4-demos	1:4.24.1-2	1:4.24.1-2	equal
devario-core/gtk4/PKGBUILD	gtk4-docs	1:4.24.1-2	1:4.24.1-2	equal
devario-core/gtk4/PKGBUILD	gtk-update-icon-cache	1:4.24.1-2	1:4.24.1-2	equal
devario-core/gtksourceview5/PKGBUILD	gtksourceview5	5.20.0-2	5.20.0-2	equal
devario-core/gtksourceview5/PKGBUILD	gtksourceview5-docs	5.20.0-2	5.20.0-2	equal
devario-core/gumbo-parser/PKGBUILD	gumbo-parser	0.13.2-2	0.13.2-2	equal
devario-core/gvfs/PKGBUILD	gvfs	1.62.0-4	1.62.0-4	equal
devario-core/gvfs/PKGBUILD	gvfs-afc	1.62.0-4	1.62.0-4	equal
devario-core/gvfs/PKGBUILD	gvfs-dnssd	1.62.0-4	1.62.0-4	equal
devario-core/gvfs/PKGBUILD	gvfs-goa	1.62.0-4	1.62.0-4	equal
devario-core/gvfs/PKGBUILD	gvfs-gphoto2	1.62.0-4	1.62.0-4	equal
devario-core/gvfs/PKGBUILD	gvfs-mtp	1.62.0-4	1.62.0-4	equal
devario-core/gvfs/PKGBUILD	gvfs-nfs	1.62.0-4	1.62.0-4	equal
devario-core/gvfs/PKGBUILD	gvfs-onedrive	1.62.0-4	1.62.0-4	equal
devario-core/gvfs/PKGBUILD	gvfs-smb	1.62.0-4	1.62.0-4	equal
devario-core/gvfs/PKGBUILD	gvfs-wsdd	1.62.0-4	1.62.0-4	equal
devario-core/harfbuzz/PKGBUILD	harfbuzz	14.5.1-2	14.5.1-2	equal
devario-core/harfbuzz/PKGBUILD	harfbuzz-cairo	14.5.1-2	14.5.1-2	equal
devario-core/harfbuzz/PKGBUILD	harfbuzz-icu	14.5.1-2	14.5.1-2	equal
devario-core/harfbuzz/PKGBUILD	harfbuzz-utils	14.5.1-2	14.5.1-2	equal
devario-core/harfbuzz/PKGBUILD	harfbuzz-docs	14.5.1-2	14.5.1-2	equal
devario-core/hip-runtime/PKGBUILD	hip-runtime-amd	7.2.4-2	7.2.4-2	equal
devario-core/hip-runtime/PKGBUILD	hip-runtime-nvidia	7.2.4-2	7.2.4-2	equal
devario-core/hipify-clang/PKGBUILD	hipify-clang	7.2.4-2	7.2.4-2	equal
devario-core/hsa-rocr/PKGBUILD	hsa-rocr	7.2.4-2	7.2.4-2	equal
devario-core/hunspell/PKGBUILD	hunspell	1.7.5-2	1.7.5-2	equal
devario-core/icu/PKGBUILD	icu	78.3-2	78.3-2	equal
devario-core/inter-font/PKGBUILD	inter-font	4.1-1	4.1-1	equal
devario-core/inxi/PKGBUILD	inxi	3.3.41.1-3	3.3.41.1-3	equal
devario-core/jq/PKGBUILD	jq	1.8.2-2	1.8.2-2	equal
devario-core/json-glib/PKGBUILD	json-glib	1.10.8-2	1.10.8-2	equal
devario-core/json-glib/PKGBUILD	json-glib-docs	1.10.8-2	1.10.8-2	equal
devario-core/jsoncpp/PKGBUILD	jsoncpp	1.9.8-2	1.9.8-2	equal
devario-core/jsoncpp/PKGBUILD	jsoncpp-doc	1.9.8-2	1.9.8-2	equal
devario-core/kmod/PKGBUILD	kmod	34.2-2	34.2-2	equal
devario-core/krb5/PKGBUILD	krb5	1.22.2-2	1.22.2-2	equal
devario-core/lapack/PKGBUILD	blas	3.12.1-2	3.12.1-2	equal
devario-core/lapack/PKGBUILD	cblas	3.12.1-2	3.12.1-2	equal
devario-core/lapack/PKGBUILD	lapack	3.12.1-2	3.12.1-2	equal
devario-core/lapack/PKGBUILD	lapacke	3.12.1-2	3.12.1-2	equal
devario-core/lapack/PKGBUILD	blas64	3.12.1-2	3.12.1-2	equal
devario-core/lapack/PKGBUILD	cblas64	3.12.1-2	3.12.1-2	equal
devario-core/lapack/PKGBUILD	lapack64	3.12.1-2	3.12.1-2	equal
devario-core/lapack/PKGBUILD	lapacke64	3.12.1-2	3.12.1-2	equal
devario-core/lapack/PKGBUILD	lapack-doc	3.12.1-2	3.12.1-2	equal
devario-core/lcms2/PKGBUILD	lcms2	2.19.1-2	2.19.1-2	equal
devario-core/libaec/PKGBUILD	libaec	1.1.7-2	1.1.7-2	equal
devario-core/libarchive/PKGBUILD	libarchive	3.8.9-2	3.8.9-2	equal
devario-core/libassuan/PKGBUILD	libassuan	3.0.2-2	3.0.2-2	equal
devario-core/libasyncns/PKGBUILD	libasyncns	1:0.8+r3+g68cd5af-6	1:0.8+r3+g68cd5af-6	equal
devario-core/libdex/PKGBUILD	libdex	1.2.0-1	1.2.0-1	equal
devario-core/libdex/PKGBUILD	libdex-docs	1.2.0-1	1.2.0-1	equal
devario-core/libevent/PKGBUILD	libevent	2.1.13-4	2.1.13-4	equal
devario-core/libevent/PKGBUILD	libevent-docs	2.1.13-4	2.1.13-4	equal
devario-core/libfabric/PKGBUILD	libfabric	2.7.0-1	2.7.0-1	equal
devario-core/libgcrypt/PKGBUILD	libgcrypt	1.12.4-2	1.12.4-2	equal
devario-core/libgdiplus/PKGBUILD	libgdiplus	6.2-3	6.2-3	equal
devario-core/libgit2/PKGBUILD	libgit2	1:1.9.7-2	1:1.9.7-2	equal
devario-core/libidn2/PKGBUILD	libidn2	2.3.8-2	2.3.8-2	equal
devario-core/libjpeg-turbo/PKGBUILD	libjpeg-turbo	3.2.0-3	3.2.0-3	equal
devario-core/libmalcontent/PKGBUILD	libmalcontent	0.14.0-5	0.14.0-5	equal
devario-core/libmatio/PKGBUILD	libmatio	1.6.0-1	1.6.0-1	equal
devario-core/libnewt/PKGBUILD	libnewt	0.52.25-2	0.52.25-2	equal
devario-core/libnghttp2/PKGBUILD	libnghttp2	1.70.0-2	1.70.0-2	equal
devario-core/libpsl/PKGBUILD	libpsl	0.21.5-3	0.21.5-3	equal
devario-core/libseccomp/PKGBUILD	libseccomp	2.6.0-2	2.6.0-2	equal
devario-core/libseccomp/PKGBUILD	python-libseccomp	2.6.0-2	2.6.0-2	equal
devario-core/libsigc++-3.0/PKGBUILD	libsigc++-3.0	3.8.1-1	3.8.1-1	equal
devario-core/libsigc++-3.0/PKGBUILD	libsigc++-3.0-docs	3.8.1-1	3.8.1-1	equal
devario-core/libssh2/PKGBUILD	libssh2	1.11.1-8	1.11.1-8	equal
devario-core/liburing/PKGBUILD	liburing	2.15-2	2.15-2	equal
devario-core/libusb/PKGBUILD	libusb	1.0.30-2	1.0.30-2	equal
devario-core/libuv/PKGBUILD	libuv	1.53.0-1	1.53.0-1	equal
devario-core/libwebp/PKGBUILD	libwebp	1.6.0-3	1.6.0-3	equal
devario-core/libwebp/PKGBUILD	libwebp-utils	1.6.0-3	1.6.0-3	equal
devario-core/libxcrypt/PKGBUILD	libxcrypt	4.5.2-3	4.5.2-3	equal
devario-core/libxcrypt/PKGBUILD	libxcrypt-compat	4.5.2-3	4.5.2-3	equal
devario-core/libxml2/PKGBUILD	libxml2	2.15.4-2	2.15.4-1	published_older
devario-core/libxml2/PKGBUILD	libxml2-docs	2.15.4-2	2.15.4-1	published_older
devario-core/libxslt/PKGBUILD	libxslt	1.1.45-2	1.1.45-2	equal
devario-core/libxslt/PKGBUILD	libxslt-docs	1.1.45-2	1.1.45-2	equal
devario-core/libyaml/PKGBUILD	libyaml	0.2.5-3	0.2.5-3	equal
devario-core/lilv/PKGBUILD	lilv	0.28.0-2	0.28.0-2	equal
devario-core/lilv/PKGBUILD	lilv-tools	0.28.0-2	0.28.0-2	equal
devario-core/lilv/PKGBUILD	python-lilv	0.28.0-2	0.28.0-2	equal
devario-core/limine/PKGBUILD	limine	12.9.2-1	12.9.2-1	equal
devario-core/linux-devario-lts/PKGBUILD	linux-devario-lts	6.18.55-1.1	6.18.55-1.1	equal
devario-core/linux-devario-lts/PKGBUILD	linux-devario-lts-headers	6.18.55-1.1	6.18.55-1.1	equal
devario-core/linux-devario/PKGBUILD	linux-devario	7.2.9-1.2	7.2.9-1.2	equal
devario-core/linux-devario/PKGBUILD	linux-devario-headers	7.2.9-1.2	7.2.9-1.2	equal
devario-core/litehtml/PKGBUILD	litehtml	0.10-2	0.10-2	equal
devario-core/lld/PKGBUILD	lld	23.1.1-1	23.1.1-1	equal
devario-core/lld21/PKGBUILD	lld21	21.1.8-1	21.1.8-1	equal
devario-core/llhttp/PKGBUILD	llhttp	9.3.1-1	9.3.1-1	equal
devario-core/llvm21/PKGBUILD	llvm21	21.1.8-1.1	21.1.8-1.1	equal
devario-core/llvm21/PKGBUILD	llvm21-libs	21.1.8-1.1	21.1.8-1.1	equal
devario-core/llvm22/PKGBUILD	llvm22	22.1.8-3	22.1.8-3	equal
devario-core/llvm22/PKGBUILD	llvm22-libs	22.1.8-3	22.1.8-3	equal
devario-core/lsof/PKGBUILD	lsof	4.99.7-1	4.99.7-1	equal
devario-core/lz4/PKGBUILD	lz4	1:1.10.0-3	1:1.10.0-2	published_older
devario-core/man-db/PKGBUILD	man-db	2.13.1-4	2.13.1-4	equal
devario-core/matugen/PKGBUILD	matugen	4.2.0-1	4.2.0-1	equal
devario-core/maturin/PKGBUILD	maturin	1.15.0-1		missing
devario-core/mesa-utils/PKGBUILD	mesa-utils	9.0.0-1	9.0.0-1	equal
devario-core/meson-python/PKGBUILD	meson-python	0.22.0-1	0.22.0-1	equal
devario-core/meson/PKGBUILD	meson	1.12.1-1	1.12.1-1	equal
devario-core/ministream/PKGBUILD	ministream	0.99.1-1	0.99.1-1	equal
devario-core/mm-common/PKGBUILD	mm-common	1.0.8-1	1.0.8-1	equal
devario-core/mono/PKGBUILD	mono	6.12.0.206-3	6.12.0.206-3	equal
devario-core/mpfr/PKGBUILD	mpfr	4.2.2-2	4.2.2-2	equal
devario-core/musl/PKGBUILD	musl	1.2.6-3	1.2.6-3	equal
devario-core/musl/PKGBUILD	musl-aarch64	1.2.6-3	1.2.6-3	equal
devario-core/nbd/PKGBUILD	nbd	3.27.1-4	3.27.1-4	equal
devario-core/nccl/PKGBUILD	nccl	2.32.3-1	2.32.3-1	equal
devario-core/ncurses/PKGBUILD	ncurses	6.6-4	6.6-4	equal
devario-core/nettle/PKGBUILD	nettle	4.0-2	4.0-2	equal
devario-core/nfs-utils/PKGBUILD	nfs-utils	3.1.1-3	3.1.1-3	equal
devario-core/nfs-utils/PKGBUILD	nfsidmap	3.1.1-3	3.1.1-3	equal
devario-core/ninja/PKGBUILD	ninja	1.13.2-3	1.13.2-3	equal
devario-core/noto-fonts/PKGBUILD	noto-fonts	1:2026.10.01-2	1:2026.10.01-2	equal
devario-core/noto-fonts/PKGBUILD	noto-fonts-extra	1:2026.10.01-2	1:2026.10.01-2	equal
devario-core/nss/PKGBUILD	nss	3.130-2	3.130-2	equal
devario-core/nss/PKGBUILD	ca-certificates-mozilla	3.130-2	3.130-2	equal
devario-core/numactl/PKGBUILD	numactl	2.0.19-2	2.0.19-2	equal
devario-core/nvidia-utils/PKGBUILD	nvidia-utils	615.71.09-2	615.71.09-2	equal
devario-core/nvme-cli/PKGBUILD	nvme-cli	3.1-1	3.1-1	equal
devario-core/openmpi/PKGBUILD	openmpi	5.0.11-2	5.0.11-2	equal
devario-core/openmpi/PKGBUILD	openmpi-docs	5.0.11-2	5.0.11-2	equal
devario-core/openpmix/PKGBUILD	openpmix	6.1.0-1	5.0.11-1	published_older
devario-core/openpmix/PKGBUILD	openpmix-docs	6.1.0-1	5.0.11-1	published_older
devario-core/openssh/PKGBUILD	openssh	10.5p1-2	10.5p1-2	equal
devario-core/openssl/PKGBUILD	openssl	3.6.4-3	3.6.4-3	equal
devario-core/openucc/PKGBUILD	openucc	1.9.0-1	1.9.0-1	equal
devario-core/openucx/PKGBUILD	openucx	1.20.1-4	1.20.1-4	equal
devario-core/ostree/PKGBUILD	ostree	2026.4-2	2026.4-2	equal
devario-core/pam/PKGBUILD	pam	1.7.3-2	1.7.3-1	published_older
devario-core/pandoc-bin/PKGBUILD	pandoc-bin	3.12-1	3.11-1	published_older
devario-core/patchelf/PKGBUILD	patchelf	0.19.2-1	0.19.2-1	equal
devario-core/pcre2/PKGBUILD	pcre2	10.49-2	10.49-2	equal
devario-core/perl/PKGBUILD	perl	5.42.3-2	5.42.3-2	equal
devario-core/polkit/PKGBUILD	polkit	127-5	127-5	equal
devario-core/postgresql/PKGBUILD	postgresql	18.6-2	18.6-2	equal
devario-core/postgresql/PKGBUILD	postgresql-libs	18.6-2	18.6-2	equal
devario-core/postgresql/PKGBUILD	postgresql-docs	18.6-2	18.6-2	equal
devario-core/prrte/PKGBUILD	prrte	4.1.0-1	3.0.14-1	published_older
devario-core/prrte/PKGBUILD	prrte-docs	4.1.0-1	3.0.14-1	published_older
devario-core/python-attrs/PKGBUILD	python-attrs	26.1.0-1		missing
devario-core/python-autocommand/PKGBUILD	python-autocommand	2.2.2-1		missing
devario-core/python-build/PKGBUILD	python-build	1.6.1-1	1.6.0-1	published_older
devario-core/python-cairo/PKGBUILD	python-cairo	1.29.2-1	1.29.2-1	equal
devario-core/python-cairo/PKGBUILD	python-cairo-docs	1.29.2-1	1.29.2-1	equal
devario-core/python-calver/PKGBUILD	python-calver	2025.10.20-1	2025.10.20-1	equal
devario-core/python-cppheaderparser/PKGBUILD	python-cppheaderparser	2.7.4-10	2.7.4-10	equal
devario-core/python-docutils/PKGBUILD	python-docutils	1:0.23-1	1:0.23-1	equal
devario-core/python-editables/PKGBUILD	python-editables	0.6-1	0.6-1	equal
devario-core/python-fastjsonschema/PKGBUILD	python-fastjsonschema	2.21.2-2	2.21.2-2	equal
devario-core/python-flit-core/PKGBUILD	python-flit-core	4.1.0-1	4.1.0-1	equal
devario-core/python-hatch-fancy-pypi-readme/PKGBUILD	python-hatch-fancy-pypi-readme	25.1.0-1		missing
devario-core/python-hatch-vcs/PKGBUILD	python-hatch-vcs	0.5.0-4	0.5.0-4	equal
devario-core/python-hatchling/PKGBUILD	python-hatchling	1.32.3-1	1.32.3-1	equal
devario-core/python-installer/PKGBUILD	python-installer	1.0.1-1	1.0.1-1	equal
devario-core/python-jaraco.collections/PKGBUILD	python-jaraco.collections	5.2.1-1		missing
devario-core/python-jaraco.context/PKGBUILD	python-jaraco.context	6.1.2-1		missing
devario-core/python-jaraco.functools/PKGBUILD	python-jaraco.functools	4.6.0-1		missing
devario-core/python-jaraco.text/PKGBUILD	python-jaraco.text	4.0.0-1		missing
devario-core/python-jsonschema-specifications/PKGBUILD	python-jsonschema-specifications	2025.9.1-1		missing
devario-core/python-jsonschema/PKGBUILD	python-jsonschema	4.26.0-1		missing
devario-core/python-lark-parser/PKGBUILD	python-lark-parser	1.3.1-2	1.3.1-2	equal
devario-core/python-more-itertools/PKGBUILD	python-more-itertools	11.1.0-1		missing
devario-core/python-myst-parser/PKGBUILD	python-myst-parser	5.1.0-1	5.1.0-1	equal
devario-core/python-numpy/PKGBUILD	python-numpy	2.5.3-1	2.5.3-1	equal
devario-core/python-packaging/PKGBUILD	python-packaging	26.3-1	26.3-1	equal
devario-core/python-pathspec/PKGBUILD	python-pathspec	1.1.1-1	1.1.1-1	equal
devario-core/python-platformdirs/PKGBUILD	python-platformdirs	4.12.2-1		missing
devario-core/python-pluggy/PKGBUILD	python-pluggy	1.6.0-3	1.6.0-3	equal
devario-core/python-ply/PKGBUILD	python-ply	3.11-17	3.11-17	equal
devario-core/python-poetry-core/PKGBUILD	python-poetry-core	2.5.0-1	2.5.0-1	equal
devario-core/python-prettytable/PKGBUILD	python-prettytable	3.18.0-1	3.18.0-1	equal
devario-core/python-psutil/PKGBUILD	python-psutil	7.2.2-1	7.2.2-1	equal
devario-core/python-pyaml/PKGBUILD	python-pyaml	26.7.0-1	26.7.0-1	equal
devario-core/python-pyelftools/PKGBUILD	python-pyelftools	0.33-1	0.33-1	equal
devario-core/python-pygments/PKGBUILD	python-pygments	2.21.0-1	2.21.0-1	equal
devario-core/python-pyproject-hooks/PKGBUILD	python-pyproject-hooks	1.3.3-1		missing
devario-core/python-pyproject-metadata/PKGBUILD	python-pyproject-metadata	0.12.1-3	0.12.1-3	equal
devario-core/python-referencing/PKGBUILD	python-referencing	0.37.0-1		missing
devario-core/python-rpds-py/PKGBUILD	python-rpds-py	2026.6.3-1		missing
devario-core/python-setuptools-scm/PKGBUILD	python-setuptools-scm	10.3.4-1	10.3.4-1	equal
devario-core/python-setuptools/PKGBUILD	python-setuptools	1:84.0.0-3	1:84.0.0-3	equal
devario-core/python-sphinx/PKGBUILD	python-sphinx	9.1.0-1	9.1.0-1	equal
devario-core/python-tomlkit/PKGBUILD	python-tomlkit	0.15.1-1	0.15.1-1	equal
devario-core/python-tqdm/PKGBUILD	python-tqdm	4.70.1-1	4.70.1-1	equal
devario-core/python-trove-classifiers/PKGBUILD	python-trove-classifiers	2026.9.21.13-1	2026.9.21.13-1	equal
devario-core/python-typing_extensions/PKGBUILD	python-typing_extensions	4.16.0-1	4.16.0-1	equal
devario-core/python-vcs-versioning/PKGBUILD	python-vcs-versioning	2.5.0-1	2.5.0-1	equal
devario-core/python-wcag-contrast-ratio/PKGBUILD	python-wcag-contrast-ratio	0.9-8	0.9-8	equal
devario-core/python-wcwidth/PKGBUILD	python-wcwidth	0.9.2-1	0.9.2-1	equal
devario-core/python-wheel/PKGBUILD	python-wheel	0.48.0-1	0.48.0-1	equal
devario-core/python-yaml/PKGBUILD	python-yaml	6.0.3-2	6.0.3-2	equal
devario-core/qt5-base/PKGBUILD	qt5-base	5.15.19+kde+r96-1	5.15.19+kde+r96-1	equal
devario-core/qt5-base/PKGBUILD	qt5-xcb-private-headers	5.15.19+kde+r96-1	5.15.19+kde+r96-1	equal
devario-core/qt6-base/PKGBUILD	qt6-base	6.12.0-2	6.12.0-2	equal
devario-core/qt6-base/PKGBUILD	qt6-xcb-private-headers	6.12.0-2	6.12.0-2	equal
devario-core/qt6-declarative/PKGBUILD	qt6-declarative	6.12.0-2	6.12.0-2	equal
devario-core/qt6-languageserver/PKGBUILD	qt6-languageserver	6.12.0-1	6.12.0-1	equal
devario-core/qt6-shadertools/PKGBUILD	qt6-shadertools	6.12.0-1	6.12.0-1	equal
devario-core/qt6-tools/PKGBUILD	qt6-tools	6.12.0-3	6.12.0-3	equal
devario-core/qt6-translations/PKGBUILD	qt6-translations	6.12.0-3	6.12.0-1	published_older
devario-core/rccl/PKGBUILD	rccl	7.2.4-1	7.2.4-1	equal
devario-core/rdma-core/PKGBUILD	rdma-core	65.0-1	65.0-1	equal
devario-core/re2c/PKGBUILD	re2c	4.6-2	4.6-2	equal
devario-core/readline/PKGBUILD	readline	8.3.6-2	8.3.6-2	equal
devario-core/rhash/PKGBUILD	rhash	1.4.6-2	1.4.6-2	equal
devario-core/ripgrep/PKGBUILD	ripgrep	15.2.0-1	15.2.0-1	equal
devario-core/rocm-cmake/PKGBUILD	rocm-cmake	7.2.4-1	7.2.4-1	equal
devario-core/rocm-core/PKGBUILD	rocm-core	7.2.4-1	7.2.4-1	equal
devario-core/rocm-language-runtime/PKGBUILD	rocm-language-runtime	7.2.4-1	7.2.4-1	equal
devario-core/rocm-llvm/PKGBUILD	rocm-llvm	2:7.2.4-3	2:7.2.4-3	equal
devario-core/rocm-llvm/PKGBUILD	rocm-llvm-libs	2:7.2.4-3	2:7.2.4-3	equal
devario-core/rocm-llvm/PKGBUILD	rocm-mlir-libs	2:7.2.4-3	2:7.2.4-3	equal
devario-core/rocm-llvm/PKGBUILD	rocm-llvm-tools	2:7.2.4-3	2:7.2.4-3	equal
devario-core/rocm-llvm/PKGBUILD	rocm-llvm-headers	2:7.2.4-3	2:7.2.4-3	equal
devario-core/rocm-llvm/PKGBUILD	rocm-llvm-static	2:7.2.4-3	2:7.2.4-3	equal
devario-core/rocm-llvm/PKGBUILD	rocm-flang	2:7.2.4-3	2:7.2.4-3	equal
devario-core/rocm-llvm/PKGBUILD	rocm-device-libs	2:7.2.4-3	2:7.2.4-3	equal
devario-core/rocm-llvm/PKGBUILD	comgr	2:7.2.4-3	2:7.2.4-3	equal
devario-core/rocm-smi-lib/PKGBUILD	rocm-smi-lib	7.2.0-2	7.2.0-2	equal
devario-core/rocminfo/PKGBUILD	rocminfo	7.2.4-1	7.2.4-1	equal
devario-core/rocprofiler-register/PKGBUILD	rocprofiler-register	7.2.4-1	7.2.4-1	equal
devario-core/rpcbind/PKGBUILD	rpcbind	1.3.1-3	1.3.1-3	equal
devario-core/rust-bootstrap/PKGBUILD	rust-bootstrap	1:1.97.1-1	1:1.97.1-1	equal
devario-core/rust/PKGBUILD	rust	1:1.98.1-5	1:1.98.1-5	equal
devario-core/rust/PKGBUILD	rust-musl	1:1.98.1-5	1:1.98.1-5	equal
devario-core/rust/PKGBUILD	rust-src	1:1.98.1-5	1:1.98.1-5	equal
devario-core/rust/PKGBUILD	rust-wasm	1:1.98.1-5	1:1.98.1-5	equal
devario-core/rust/PKGBUILD	lib32-rust-libs	1:1.98.1-5	1:1.98.1-5	equal
devario-core/rust/PKGBUILD	rust-aarch64-gnu	1:1.98.1-5	1:1.98.1-5	equal
devario-core/rust/PKGBUILD	rust-aarch64-musl	1:1.98.1-5	1:1.98.1-5	equal
devario-core/scdoc/PKGBUILD	scdoc	1.11.5-2	1.11.5-2	equal
devario-core/scx-tools/PKGBUILD	scx-tools	1.1.3-2		missing
devario-core/serd/PKGBUILD	serd	0.32.10-2	0.32.10-2	equal
devario-core/sgml-common/PKGBUILD	sgml-common	0.6.3-9	0.6.3-9	equal
devario-core/shadow/PKGBUILD	shadow	4.20.0.arch1-3	4.20.0.arch1-3	equal
devario-core/shared-mime-info/PKGBUILD	shared-mime-info	2.5.1-3	2.5.1-3	equal
devario-core/simdjson/PKGBUILD	simdjson	1:5.0.1-2	1:5.0.1-2	equal
devario-core/spandsp/PKGBUILD	spandsp	0.0.6-6	0.0.6-6	equal
devario-core/spirv-headers/PKGBUILD	spirv-headers	1.4.363.0-1	1.4.363.0-1	equal
devario-core/spirv-tools/PKGBUILD	spirv-tools	2026.4.rc2-1	1:1.4.363.0-1	published_newer
devario-core/sqlite/PKGBUILD	sqlite	3.53.4-2	3.53.4-2	equal
devario-core/sqlite/PKGBUILD	sqlite-tcl	3.53.4-2	3.53.4-2	equal
devario-core/sqlite/PKGBUILD	sqlite-analyzer	3.53.4-2	3.53.4-2	equal
devario-core/sqlite/PKGBUILD	lemon	3.53.4-2	3.53.4-2	equal
devario-core/sqlite/PKGBUILD	sqlite-doc	3.53.4-2	3.53.4-2	equal
devario-core/srt/PKGBUILD	srt	1.5.7-2	1.5.7-2	equal
devario-core/stb/PKGBUILD	stb	20260415.205329.g31c1ad374564-1	20260415.205329.g31c1ad374564-1	equal
devario-core/strace/PKGBUILD	strace	7.2-1	7.2-1	equal
devario-core/sudo/PKGBUILD	sudo	1.9.17.p2-7	1.9.17.p2-7	equal
devario-core/syslinux/PKGBUILD	syslinux	6.04.pre3.r3.g05ac953c-6	6.04.pre3.r3.g05ac953c-6	equal
devario-core/systemd-libs/PKGBUILD	systemd-libs	262-5.1	262-8	published_newer
devario-core/systemd/PKGBUILD	systemd	262-8	262-8	equal
devario-core/systemd/PKGBUILD	systemd-libs	262-8	262-8	equal
devario-core/systemd/PKGBUILD	systemd-resolvconf	262-8	262-8	equal
devario-core/systemd/PKGBUILD	systemd-sysvcompat	262-8	262-8	equal
devario-core/systemd/PKGBUILD	systemd-tests	262-8	262-8	equal
devario-core/systemd/PKGBUILD	systemd-ukify	262-8	262-8	equal
devario-core/tinyxxd/PKGBUILD	tinyxxd	1.3.17-1	1.3.17-1	equal
devario-core/tpm2-tools/PKGBUILD	tpm2-tools	5.8-2	5.8-2	equal
devario-core/tpm2-tss/PKGBUILD	tpm2-tss	4.2.0-3	4.2.0-3	equal
devario-core/tzdata/PKGBUILD	tzdata	2026d-2	2026d-2	equal
devario-core/usbutils/PKGBUILD	usbutils	019-1	019-1	equal
devario-core/util-linux/PKGBUILD	util-linux	2.42.4-3	2.42.4-3	equal
devario-core/util-linux/PKGBUILD	util-linux-libs	2.42.4-3	2.42.4-3	equal
devario-core/valgrind/PKGBUILD	valgrind	3.25.1-9	3.25.1-9	equal
devario-core/vulkan-headers/PKGBUILD	vulkan-headers	1.4.364-1	1.4.364-1	equal
devario-core/vulkan-icd-loader/PKGBUILD	vulkan-icd-loader	1.4.364-1	1.4.364-1	equal
devario-core/vulkan-tools/PKGBUILD	vulkan-tools	1.4.363.0-1	1.4.363.0-1	equal
devario-core/vulkan-virtio/PKGBUILD	vulkan-virtio	1:26.2.4-1	1:26.2.4-1	equal
devario-core/wasi-compiler-rt/PKGBUILD	wasi-compiler-rt	23.1.1-1	23.1.1-1	equal
devario-core/wasi-libc/PKGBUILD	wasi-libc	1:0+659+2e6fb9d8-2	1:0+659+2e6fb9d8-2	equal
devario-core/wasm-component-ld/PKGBUILD	wasm-component-ld	0.5.30-1	0.5.30-1	equal
devario-core/wasm-pkg-tools/PKGBUILD	wasm-pkg-tools	0.16.1-1	0.16.1-1	equal
devario-core/wasm-tools/PKGBUILD	wasm-tools	1.258.0-1	1.258.0-1	equal
devario-core/wayland-utils/PKGBUILD	wayland-utils	1.3.0-1	1.3.0-1	equal
devario-core/wit-bindgen/PKGBUILD	wit-bindgen	0.62.0-1	0.62.0-1	equal
devario-core/x264/PKGBUILD	x264	3:0.165.r3222.b35605a-3	3:0.165.r3222.b35605a-3	equal
devario-core/x265/PKGBUILD	x265	4.3-2	4.3-2	equal
devario-core/xdg-dbus-proxy/PKGBUILD	xdg-dbus-proxy	0.1.9-2	0.1.9-2	equal
devario-core/xxhash/PKGBUILD	xxhash	0.8.4-2	0.8.4-2	equal
devario-core/xz/PKGBUILD	xz	5.8.4-2	5.8.4-2	equal
devario-core/zig/PKGBUILD	zig	0.16.0-1	0.16.0-1	equal
devario-core/zix/PKGBUILD	zix	0.8.2-2	0.8.2-2	equal
devario-core/zlib/PKGBUILD	zlib	1:1.3.2-4	1:1.3.2-4	equal
devario-core/zlib/PKGBUILD	zlib-static	1:1.3.2-4	1:1.3.2-4	equal
devario-core/zlib/PKGBUILD	minizip	1:1.3.2-4	1:1.3.2-4	equal
devario-core/zstd/PKGBUILD	zstd	1.5.7-6	1.5.7-6	equal
