section,requirement,reason,required_by,core_versions,available_in_configured_repos
iso_runtime_core,aqueous-noctalia,missing package/provider,ISO package list,,
iso_runtime_core,calamares,missing package/provider,ISO package list,,
iso_runtime_core,ckbcomp,missing package/provider,ISO package list,,
iso_runtime_core,devario-alpm-runtime,missing package/provider,ISO package list,,
iso_runtime_core,devario-aqueous-desktop,missing package/provider,ISO package list,,
iso_runtime_core,devario-base,missing package/provider,ISO package list,,
iso_runtime_core,devario-boot,missing package/provider,ISO package list,,
iso_runtime_core,devario-filesystem,missing package/provider,ISO package list,,
iso_runtime_core,devario-keyring,missing package/provider,ISO package list,,
iso_runtime_core,libspandsp.so,missing provision,pipewire-audio:depends,,
iso_runtime_core,nbd,missing package/provider,ISO package list,,
iso_runtime_core,nfs-utils,missing package/provider,ISO package list,,
iso_runtime_core,noctalia,missing package/provider,ISO package list,,seafoam-labs/noctalia-git=5.0.1.r5455.g24dfc26d2-1
iso_runtime_core,noctalia-greeter,missing package/provider,ISO package list,,seafoam-labs/noctalia-greeter-git=1.6.0.r275.g44337ecba-1
iso_runtime_core,seafoam-keyring,missing package/provider,ISO package list,,
iso_runtime_core,shelly,missing package/provider,ISO package list,,seafoam-labs/shelly=3.1.6-1
iso_runtime_core,tpm2-tools,missing package/provider,devario-dracut:depends; dracut-git:depends,,
iso_runtime_configured_repos,aqueous-noctalia,missing package/provider,ISO package list,,
iso_runtime_configured_repos,calamares,missing package/provider,ISO package list,,
iso_runtime_configured_repos,ckbcomp,missing package/provider,ISO package list,,
iso_runtime_configured_repos,devario-alpm-runtime,missing package/provider,ISO package list,,
iso_runtime_configured_repos,devario-aqueous-desktop,missing package/provider,ISO package list,,
iso_runtime_configured_repos,devario-base,missing package/provider,ISO package list,,
iso_runtime_configured_repos,devario-boot,missing package/provider,ISO package list,,
iso_runtime_configured_repos,devario-filesystem,missing package/provider,ISO package list,,
iso_runtime_configured_repos,devario-keyring,missing package/provider,ISO package list,,
iso_runtime_configured_repos,libspandsp.so,missing provision,pipewire-audio:depends,,
iso_runtime_configured_repos,nbd,missing package/provider,ISO package list,,
iso_runtime_configured_repos,nfs-utils,missing package/provider,ISO package list,,
iso_runtime_configured_repos,pacman,missing package/provider,shelly:depends,,
iso_runtime_configured_repos,seafoam-keyring,missing package/provider,ISO package list,,
iso_runtime_configured_repos,tpm2-tools,missing package/provider,devario-dracut:depends; dracut-git:depends,,
repository_checklist_core,aqueous-noctalia,missing package/provider,repository checklist,,
repository_checklist_core,calamares,missing package/provider,repository checklist,,
repository_checklist_core,ckbcomp,missing package/provider,repository checklist,,
repository_checklist_core,devario-alpm-runtime,missing package/provider,repository checklist,,
repository_checklist_core,devario-aqueous-desktop,missing package/provider,repository checklist,,
repository_checklist_core,devario-base,missing package/provider,repository checklist,,
repository_checklist_core,devario-boot,missing package/provider,repository checklist,,
repository_checklist_core,devario-filesystem,missing package/provider,repository checklist,,
repository_checklist_core,devario-keyring,missing package/provider,repository checklist,,
repository_checklist_core,libspandsp.so,missing provision,pipewire-audio:depends,,
repository_checklist_core,noctalia,missing package/provider,repository checklist,,seafoam-labs/noctalia-git=5.0.1.r5455.g24dfc26d2-1
repository_checklist_core,noctalia-greeter,missing package/provider,repository checklist,,seafoam-labs/noctalia-greeter-git=1.6.0.r275.g44337ecba-1
repository_checklist_core,seafoam-keyring,missing package/provider,repository checklist,,
repository_checklist_core,shelly,missing package/provider,repository checklist,,seafoam-labs/shelly=3.1.6-1
repository_checklist_core,tpm2-tools,missing package/provider,devario-dracut:depends; dracut-git:depends,,
local_recipe_runtime_core,aqueous-noctalia=0.4.6.r0.g001beb7-1,missing package/provider,devario-aqueous-desktop:depends,,
local_recipe_runtime_core,aqueous-session=0.4.6.r0.g001beb7-1,version/provision mismatch,aqueous:depends; devario-aqueous-desktop:depends,aqueous-session=0.9.1-1,
local_recipe_runtime_core,aqueous=0.4.6.r0.g001beb7-1,version/provision mismatch,aqueous:depends; devario-aqueous-desktop:depends,aqueous-core=0.9.1-1 [provides: aqueous=0.9.1],
local_recipe_runtime_core,ckbcomp,missing package/provider,calamares:depends,,
local_recipe_runtime_core,devario-alpm-runtime>=7.1.0.r9.g54d9411-2,missing package/provider,shelly:depends,,
local_recipe_runtime_core,devario-alpm-runtime>=7.1.0.r9.g54d9411-3,missing package/provider,devario-base:depends,,
local_recipe_runtime_core,devario-boot,missing package/provider,devario-base:depends,,
local_recipe_runtime_core,devario-filesystem,missing package/provider,devario-base:depends,,
local_recipe_runtime_core,devario-keyring,missing package/provider,devario-base:depends,,
local_recipe_runtime_core,libalpm.so=16-64,missing provision,shelly:depends,,
local_recipe_runtime_core,libspandsp.so,missing provision,pipewire-audio:depends,,
local_recipe_runtime_core,noctalia-greeter=1.0.0.r0.g4aa960d-3,missing package/provider,devario-aqueous-desktop:depends,,
local_recipe_runtime_core,noctalia=5.0.0.r0.g50f0f09-1,missing package/provider,devario-aqueous-desktop:depends,,
local_recipe_runtime_core,noctalia>=5.0.0,missing package/provider,aqueous:depends,,
local_recipe_runtime_core,seafoam-keyring,missing package/provider,devario-base:depends,,
local_recipe_runtime_core,shelly,missing package/provider,devario-base:depends,,seafoam-labs/shelly=3.1.6-1
local_recipe_runtime_core,tpm2-tools,missing package/provider,devario-dracut:depends,,
local_recipe_build_core,asciidoctor,missing package/provider,devario-dracut:makedepends,,
local_recipe_build_core,bash-completion,missing package/provider,devario-dracut:makedepends,,
local_recipe_build_core,clang,missing package/provider,aqueous:makedepends; shelly:makedepends,,
local_recipe_build_core,extra-cmake-modules,missing package/provider,calamares:makedepends,,
local_recipe_build_core,go-md2man,missing package/provider,shelly:makedepends,,
local_recipe_build_core,lld,missing package/provider,aqueous:makedepends,,
local_recipe_build_core,meson,missing package/provider,aqueous:makedepends; devario-alpm-runtime:makedepends; noctalia-greeter:makedepends; noctalia:makedepends,,
local_recipe_build_core,ninja,missing package/provider,aqueous:makedepends; calamares:makedepends; noctalia-greeter:makedepends; noctalia:makedepends,,
local_recipe_build_core,qt6-tools,missing package/provider,calamares:makedepends,,
local_recipe_build_core,ripgrep,missing package/provider,shelly:makedepends,,
local_recipe_build_core,rust,missing package/provider,devario-dracut:makedepends,,
local_recipe_build_core,scdoc,missing package/provider,aqueous:makedepends,,
local_recipe_build_core,stb,missing package/provider,noctalia-greeter:makedepends; noctalia:makedepends,,
local_recipe_checks_core,noctalia,missing package/provider,aqueous:checkdepends,,seafoam-labs/noctalia-git=5.0.1.r5455.g24dfc26d2-1
local_recipe_checks_core,ripgrep,missing package/provider,aqueous:checkdepends,,
builder_bootstrap_core,base-devel,missing package/provider,build-packages-nspawn.sh bootstrap,,
builder_bootstrap_core,python-jsonschema,missing package/provider,build-packages-nspawn.sh bootstrap,,
all_published_core_runtime,a52dec,missing package/provider,gst-plugins-ugly:depends,,
all_published_core_runtime,aalib,missing package/provider,gst-plugins-good:depends,,
all_published_core_runtime,cdparanoia,missing package/provider,gst-plugins-base:depends,,
all_published_core_runtime,chafa,missing package/provider,harfbuzz-utils:depends,,
all_published_core_runtime,chromaprint,missing package/provider,gst-plugins-bad:depends,,
all_published_core_runtime,clang,missing package/provider,opencl-mesa:depends,,
all_published_core_runtime,cppdap,missing package/provider,cmake:depends,,
all_published_core_runtime,cups-filters,missing package/provider,cups:depends,,
all_published_core_runtime,dbus-glib,missing package/provider,zen-browser-bin:depends,,
all_published_core_runtime,dms-shell,missing package/provider,aqueous-shell-dms:depends,,seafoam-labs/dms-shell=1.6.1-2
all_published_core_runtime,ell,missing package/provider,bluez-mesh:depends,,
all_published_core_runtime,faac,missing package/provider,gst-plugins-bad:depends,,
all_published_core_runtime,faad2,missing package/provider,gst-plugins-bad:depends,,
all_published_core_runtime,fluidsynth,missing package/provider,gst-plugins-bad:depends,,
all_published_core_runtime,glew,missing package/provider,harfbuzz-utils:depends,,
all_published_core_runtime,glfw,missing package/provider,harfbuzz-utils:depends,,
all_published_core_runtime,jsoncpp,missing package/provider,cmake:depends,,
all_published_core_runtime,libGLEW.so,missing provision,harfbuzz-utils:depends,,
all_published_core_runtime,libavtp,missing package/provider,gst-plugins-bad:depends,,
all_published_core_runtime,libcaca,missing package/provider,gst-plugins-good:depends,,
all_published_core_runtime,libcamera,missing package/provider,pipewire-libcamera:depends,,
all_published_core_runtime,libcamera-base.so,missing provision,pipewire-libcamera:depends,,
all_published_core_runtime,libcamera.so,missing provision,pipewire-libcamera:depends,,
all_published_core_runtime,libcanberra,missing package/provider,pipewire-x11-bell:depends,,
all_published_core_runtime,libcanberra.so,missing provision,pipewire-x11-bell:depends,,
all_published_core_runtime,libchafa.so,missing provision,harfbuzz-utils:depends,,
all_published_core_runtime,libclc,missing package/provider,opencl-mesa:depends,,
all_published_core_runtime,libcrypt,missing package/provider,openldap:depends,,
all_published_core_runtime,libdc1394,missing package/provider,gst-plugins-bad:depends,,
all_published_core_runtime,libdca,missing package/provider,gst-plugins-bad:depends,,
all_published_core_runtime,libde265,missing package/provider,gst-plugins-bad:depends,,
all_published_core_runtime,libdex,missing package/provider,sysprof:depends,,
all_published_core_runtime,libdv,missing package/provider,gst-plugins-good:depends,,
all_published_core_runtime,libffado,missing package/provider,pipewire-ffado:depends,,
all_published_core_runtime,libffado.so,missing provision,pipewire-ffado:depends,,
all_published_core_runtime,libgme,missing package/provider,gst-plugins-bad:depends,,
all_published_core_runtime,libgoa,missing package/provider,gvfs-goa:depends; gvfs-onedrive:depends,,
all_published_core_runtime,libgphoto2,missing package/provider,gvfs-gphoto2:depends,,
all_published_core_runtime,libgusb,missing package/provider,colord:depends,,
all_published_core_runtime,liblrdf,missing package/provider,gst-plugins-bad:depends,,
all_published_core_runtime,libltc,missing package/provider,gst-plugins-bad:depends,,
all_published_core_runtime,libmbim,missing package/provider,modemmanager:depends,,
all_published_core_runtime,libmbim-glib.so,missing provision,modemmanager:depends,,
all_published_core_runtime,libmicrodns,missing package/provider,gst-plugins-bad:depends,,
all_published_core_runtime,libmicrohttpd,missing package/provider,debuginfod:depends,,
all_published_core_runtime,libmicrohttpd.so,missing provision,debuginfod:depends,,
all_published_core_runtime,libmpcdec,missing package/provider,gst-plugins-bad:depends,,
all_published_core_runtime,libmpeg2,missing package/provider,gst-plugins-ugly:depends,,
all_published_core_runtime,libmtp,missing package/provider,gvfs-mtp:depends,,
all_published_core_runtime,libnfs,missing package/provider,gvfs-nfs:depends,,
all_published_core_runtime,libotf,missing package/provider,emacs-wayland:depends; emacs:depends,,
all_published_core_runtime,libpanel,missing package/provider,sysprof:depends,,
all_published_core_runtime,libpaper,missing package/provider,cups:depends,,
all_published_core_runtime,libqmi,missing package/provider,modemmanager:depends,,
all_published_core_runtime,libqmi-glib.so,missing provision,modemmanager:depends,,
all_published_core_runtime,libqrtr-glib,missing package/provider,modemmanager:depends,,
all_published_core_runtime,libroc.so,missing provision,pipewire-roc:depends,,
all_published_core_runtime,libshout,missing package/provider,gst-plugins-good:depends,,
all_published_core_runtime,libspandsp.so,missing provision,pipewire-audio:depends,,
all_published_core_runtime,libsrtp,missing package/provider,gst-plugins-bad:depends,,
all_published_core_runtime,libtree-sitter.so,missing provision,emacs-nox:depends; emacs-wayland:depends; emacs:depends,,
all_published_core_runtime,libwpe,missing package/provider,gst-plugin-wpe:depends,,
all_published_core_runtime,libyaml,missing package/provider,libblockdev-lvm:depends,,
all_published_core_runtime,lirc,missing package/provider,pulseaudio-lirc:depends,,
all_published_core_runtime,mjpegtools,missing package/provider,gst-plugins-bad:depends,,
all_published_core_runtime,msgraph,missing package/provider,gvfs-onedrive:depends,,
all_published_core_runtime,nautilus-python,missing package/provider,ghostty-nautilus:depends,,
all_published_core_runtime,ndctl,missing package/provider,libblockdev-nvdimm:depends,,
all_published_core_runtime,neon,missing package/provider,gst-plugins-bad:depends,,
all_published_core_runtime,noctalia,missing package/provider,aqueous-shell-noctalia:depends,,seafoam-labs/noctalia-git=5.0.1.r5455.g24dfc26d2-1
all_published_core_runtime,onnxruntime,missing package/provider,gst-plugin-onnx:depends; pipewire-onnx:depends,,
all_published_core_runtime,openal,missing package/provider,gst-plugins-bad:depends,,
all_published_core_runtime,opencv,missing package/provider,gst-plugin-opencv:depends,,
all_published_core_runtime,openh264,missing package/provider,gst-plugins-bad:depends,,
all_published_core_runtime,openmpi,missing package/provider,fftw-openmpi:depends; hdf5-openmpi:depends,,
all_published_core_runtime,pacman,missing package/provider,archlinux-keyring:depends,,
all_published_core_runtime,perl-locale-gettext,missing package/provider,help2man:depends,,
all_published_core_runtime,ppp,missing package/provider,modemmanager:depends,,
all_published_core_runtime,python-babel,missing package/provider,python-sphinx:depends,,
all_published_core_runtime,python-colorama,missing package/provider,systemd-tests:depends,,
all_published_core_runtime,python-commonmark,missing package/provider,gst-devtools:depends,,
all_published_core_runtime,python-cryptography,missing package/provider,systemd-ukify:depends,,
all_published_core_runtime,python-docutils,missing package/provider,python-sphinx:depends,,
all_published_core_runtime,python-imagesize,missing package/provider,python-sphinx:depends,,
all_published_core_runtime,python-jaraco.collections,missing package/provider,python-setuptools:depends,,
all_published_core_runtime,python-jaraco.functools,missing package/provider,python-setuptools:depends,,
all_published_core_runtime,python-jaraco.text,missing package/provider,python-setuptools:depends,,
all_published_core_runtime,python-jinja,missing package/provider,python-sphinx:depends,,
all_published_core_runtime,python-libevdev,missing package/provider,libinput-tools:depends,,
all_published_core_runtime,python-lxml,missing package/provider,gst-devtools:depends,,
all_published_core_runtime,python-mako,missing package/provider,gobject-introspection:depends,,
all_published_core_runtime,python-markdown,missing package/provider,gobject-introspection:depends,,
all_published_core_runtime,python-matplotlib,missing package/provider,ostra-cg:depends,,
all_published_core_runtime,python-more-itertools,missing package/provider,python-setuptools:depends,,
all_published_core_runtime,python-numpy,missing package/provider,python-lilv:depends,,
all_published_core_runtime,python-packaging,missing package/provider,glib2-devel:depends; python-build:depends; python-setuptools:depends; python-sphinx:depends; python-wheel:depends; systemd-tests:depends,,
all_published_core_runtime,python-pefile,missing package/provider,systemd-ukify:depends,,
all_published_core_runtime,python-pexpect,missing package/provider,systemd-tests:depends,,
all_published_core_runtime,python-platformdirs,missing package/provider,python-setuptools:depends,,
all_published_core_runtime,python-psutil,missing package/provider,systemd-tests:depends,,
all_published_core_runtime,python-pygments,missing package/provider,python-sphinx:depends,,
all_published_core_runtime,python-pyproject-hooks,missing package/provider,python-build:depends,,
all_published_core_runtime,python-pyqt5,missing package/provider,pulseaudio-equalizer:depends,,
all_published_core_runtime,python-pytest,missing package/provider,systemd-tests:depends,,
all_published_core_runtime,python-pyudev,missing package/provider,libinput-tools:depends,,
all_published_core_runtime,python-requests,missing package/provider,python-sphinx:depends,,
all_published_core_runtime,python-roman-numerals-py,missing package/provider,python-sphinx:depends,,
all_published_core_runtime,python-snowballstemmer,missing package/provider,python-sphinx:depends,,
all_published_core_runtime,python-sphinx-alabaster-theme,missing package/provider,python-sphinx:depends,,
all_published_core_runtime,python-sphinxcontrib-applehelp,missing package/provider,python-sphinx:depends,,
all_published_core_runtime,python-sphinxcontrib-devhelp,missing package/provider,python-sphinx:depends,,
all_published_core_runtime,python-sphinxcontrib-htmlhelp,missing package/provider,python-sphinx:depends,,
all_published_core_runtime,python-sphinxcontrib-jsmath,missing package/provider,python-sphinx:depends,,
all_published_core_runtime,python-sphinxcontrib-qthelp,missing package/provider,python-sphinx:depends,,
all_published_core_runtime,python-sphinxcontrib-serializinghtml,missing package/provider,python-sphinx:depends,,
all_published_core_runtime,python-typing_extensions,missing package/provider,gst-python:depends,,
all_published_core_runtime,python-yaml,missing package/provider,libinput-tools:depends,,
all_published_core_runtime,qrencode,missing package/provider,gst-plugins-bad:depends,,
all_published_core_runtime,qt5-base,missing package/provider,gst-plugin-qmlgl:depends; polkit-qt5:depends,,
all_published_core_runtime,qt5-declarative,missing package/provider,gst-plugin-qmlgl:depends,,
all_published_core_runtime,qt5-wayland,missing package/provider,gst-plugin-qmlgl:depends,,
all_published_core_runtime,qt5-x11extras,missing package/provider,gst-plugin-qmlgl:depends,,
all_published_core_runtime,quickshell,missing package/provider,greetd-dms-greeter-bin:depends,,
all_published_core_runtime,roc-toolkit,missing package/provider,pipewire-roc:depends,,
all_published_core_runtime,rtkit,missing package/provider,pulseaudio:depends,,
all_published_core_runtime,rtmpdump,missing package/provider,gst-plugins-bad:depends,,
all_published_core_runtime,sane,missing package/provider,colord-sane:depends,,
all_published_core_runtime,scx-scheds,missing package/provider,scx-tools-git:depends,,seafoam-labs/scx-scheds-git=1.1.3.r428.g00fec1e7a-1
all_published_core_runtime,shelly,missing package/provider,aqueous-welcome:depends,,seafoam-labs/shelly=3.1.6-1
all_published_core_runtime,smbclient>=4.12.0,missing package/provider,gvfs-smb:depends,,
all_published_core_runtime,soundtouch,missing package/provider,gst-plugins-bad:depends,,
all_published_core_runtime,spirv-llvm-translator,missing package/provider,opencl-mesa:depends,,
all_published_core_runtime,svt-hevc,missing package/provider,gst-plugin-svthevcenc:depends,,
all_published_core_runtime,taglib,missing package/provider,gst-plugins-good:depends,,
all_published_core_runtime,tcl,missing package/provider,sqlite-analyzer:depends; sqlite-tcl:depends,,
all_published_core_runtime,tdb,missing package/provider,pulseaudio:depends,,
all_published_core_runtime,tpm2-tools,missing package/provider,devario-dracut:depends; dracut-git:depends,,
all_published_core_runtime,twolame,missing package/provider,gst-plugins-good:depends,,
all_published_core_runtime,unixodbc,missing package/provider,openldap:depends,,
all_published_core_runtime,usbmuxd,missing package/provider,gvfs-afc:depends,,
all_published_core_runtime,vamp-host,missing package/provider,rubberband-vamp:depends,,
all_published_core_runtime,vamp-plugin-sdk,missing package/provider,rubberband-vamp:depends,,
all_published_core_runtime,wavpack,missing package/provider,gst-plugins-good:depends,,
all_published_core_runtime,wildmidi,missing package/provider,gst-plugins-bad:depends,,
all_published_core_runtime,wpebackend-fdo,missing package/provider,gst-plugin-wpe:depends,,
all_published_core_runtime,wpewebkit,missing package/provider,gst-plugin-wpe2:depends; gst-plugin-wpe:depends,,
all_published_core_runtime,wsdd,missing package/provider,gvfs-wsdd:depends,,
all_published_core_runtime,xf86-input-libinput,missing package/provider,xorg-server:depends,,
all_published_core_runtime,xorg-util-macros,missing package/provider,xorg-server-devel:depends,,
all_published_core_runtime,xorg-xauth,missing package/provider,xorg-server-xvfb:depends,,
all_published_core_runtime,zbar,missing package/provider,gst-plugins-bad:depends,,
all_published_core_runtime,zsh,missing package/provider,git-zsh-completion:depends,,
all_published_core_runtime,zvbi,missing package/provider,gst-plugins-bad:depends,,
all_published_core_runtime,zxing-cpp,missing package/provider,gst-plugins-bad:depends,,
source_rebuild_checklist_core,a52dec,missing package/provider,gst-plugins-bad-libs:makedepends; gst-plugins-base-libs:makedepends; gst-plugins-base:makedepends; gst-plugins-good:makedepends; gstreamer:makedepends,,
source_rebuild_checklist_core,aalib,missing package/provider,gst-plugins-bad-libs:makedepends; gst-plugins-base-libs:makedepends; gst-plugins-base:makedepends; gst-plugins-good:depends; gst-plugins-good:makedepends; gstreamer:makedepends,,
source_rebuild_checklist_core,add-determinism,missing package/provider,libjxl:makedepends,,
source_rebuild_checklist_core,amf-headers,missing package/provider,ffmpeg:makedepends,,
source_rebuild_checklist_core,apache,missing package/provider,libsoup3:checkdepends,,
source_rebuild_checklist_core,apache-ant,missing package/provider,libbluray:makedepends,,
source_rebuild_checklist_core,apparmor,missing package/provider,audit:makedepends; systemd-libs:makedepends; systemd-resolvconf:makedepends; systemd-sysvcompat:makedepends; systemd:makedepends,,
source_rebuild_checklist_core,aqueous-noctalia,missing package/provider,repository checklist,,
source_rebuild_checklist_core,argyllcms,missing package/provider,colord:makedepends; libcolord:makedepends,,
source_rebuild_checklist_core,asciidoc,missing package/provider,btrfs-progs:makedepends; ca-certificates-utils:makedepends; ca-certificates:makedepends; git:makedepends; graphite:makedepends; libjxl:makedepends; libnvme:makedepends; lv2:makedepends; nftables:makedepends; ocl-icd:makedepends; syslinux:makedepends; tinysparql:makedepends; zeromq:makedepends,,
source_rebuild_checklist_core,asciidoctor,missing package/provider,cryptsetup:makedepends; devario-dracut:makedepends; dracut-git:makedepends; gperftools:makedepends; shaderc:makedepends; util-linux-libs:makedepends; util-linux:makedepends,,
source_rebuild_checklist_core,autoconf-archive,missing package/provider,libblockdev-btrfs:makedepends; libblockdev-crypto:makedepends; libblockdev-fs:makedepends; libblockdev-loop:makedepends; libblockdev-lvm:makedepends; libblockdev-mdraid:makedepends; libblockdev-nvme:makedepends; libblockdev-part:makedepends; libblockdev-smart:makedepends; libblockdev-swap:makedepends; libblockdev:makedepends; libopenmpt:makedepends; libthai:makedepends; ncurses:makedepends; tpm2-tss:makedepends; udisks2:makedepends,,
source_rebuild_checklist_core,avisynthplus,missing package/provider,ffmpeg:makedepends,,
source_rebuild_checklist_core,bash-completion,missing package/provider,appstream:makedepends; bubblewrap:makedepends; colord:makedepends; dconf:makedepends; devario-dracut:makedepends; dracut-git:makedepends; grim:makedepends; gst-plugins-bad-libs:makedepends; gst-plugins-base-libs:makedepends; gst-plugins-base:makedepends; gst-plugins-good:makedepends; gstreamer:makedepends; libcap-ng:makedepends; libcolord:makedepends; libmm-glib:makedepends; libp11-kit:makedepends; libsecret:makedepends; libxkbcommon-x11:makedepends; libxkbcommon:makedepends; modemmanager:makedepends; p11-kit:makedepends; systemd-libs:makedepends; systemd-resolvconf:makedepends; systemd-sysvcompat:makedepends; systemd:makedepends; tinysparql:makedepends; util-linux-libs:makedepends; util-linux:makedepends,,
source_rebuild_checklist_core,bc,missing package/provider,binutils:checkdepends; linux-cachyos-lts-headers:makedepends; linux-cachyos-lts:makedepends,,
source_rebuild_checklist_core,blueprint-compiler,missing package/provider,ghostty-shell-integration:makedepends; ghostty-terminfo:makedepends; ghostty:makedepends,,
source_rebuild_checklist_core,bpf,missing package/provider,libnm:makedepends; networkmanager:makedepends; systemd-libs:makedepends; systemd-resolvconf:makedepends; systemd-sysvcompat:makedepends; systemd:makedepends,,
source_rebuild_checklist_core,calamares,missing package/provider,repository checklist,,
source_rebuild_checklist_core,cargo,missing package/provider,greetd-agreety:makedepends; greetd:makedepends; libimagequant:makedepends; thin-provisioning-tools:makedepends,,
source_rebuild_checklist_core,cargo-c,missing package/provider,libdovi:makedepends; libimagequant:makedepends; librsvg:makedepends; rav1e:makedepends,,
source_rebuild_checklist_core,cbindgen,missing package/provider,firefox:makedepends; mesa:makedepends; vulkan-intel:makedepends; vulkan-mesa-implicit-layers:makedepends; vulkan-radeon:makedepends; vulkan-swrast:makedepends,,
source_rebuild_checklist_core,cdparanoia,missing package/provider,gst-plugins-bad-libs:makedepends; gst-plugins-base-libs:makedepends; gst-plugins-base:depends; gst-plugins-base:makedepends; gst-plugins-good:makedepends; gstreamer:makedepends,,
source_rebuild_checklist_core,chafa,missing package/provider,fastfetch:makedepends; harfbuzz:makedepends,,
source_rebuild_checklist_core,check,missing package/provider,kbd:makedepends; libevdev:makedepends; libinput:makedepends; libpulse:makedepends,,
source_rebuild_checklist_core,chromaprint,missing package/provider,gst-plugins-bad-libs:makedepends; gst-plugins-base-libs:makedepends; gst-plugins-base:makedepends; gst-plugins-good:makedepends; gstreamer:makedepends,,
source_rebuild_checklist_core,chrpath,missing package/provider,libldap:makedepends,,
source_rebuild_checklist_core,ckbcomp,missing package/provider,repository checklist,,
source_rebuild_checklist_core,clang,missing package/provider,aqueous-core:makedepends; aqueous-session:makedepends; ffmpeg:makedepends; firefox:makedepends; glibmm-docs:makedepends; glibmm:makedepends; glycin:makedepends; libnm:makedepends; limine:makedepends; mesa:makedepends; networkmanager:makedepends; orc:makedepends; snappy:makedepends; systemd-libs:makedepends; systemd-resolvconf:makedepends; systemd-sysvcompat:makedepends; systemd:makedepends; thin-provisioning-tools:makedepends; v4l-utils:makedepends; vulkan-intel:makedepends; vulkan-mesa-implicit-layers:makedepends; vulkan-radeon:makedepends; vulkan-swrast:makedepends,,
source_rebuild_checklist_core,cmocka,missing package/provider,libssh:makedepends; tpm2-tss:makedepends,,
source_rebuild_checklist_core,codespell,missing package/provider,lv2:makedepends,,
source_rebuild_checklist_core,cppdap,missing package/provider,cmake:depends,,
source_rebuild_checklist_core,cscope,missing package/provider,automake:checkdepends,,
source_rebuild_checklist_core,ctags,missing package/provider,source-highlight:makedepends,,
source_rebuild_checklist_core,cunit,missing package/provider,libmysofa:makedepends,,
source_rebuild_checklist_core,cups-filters,missing package/provider,cups:depends; cups:makedepends; libcups:makedepends,,
source_rebuild_checklist_core,cython,missing package/provider,libimobiledevice:makedepends; libplist:makedepends; libseccomp:makedepends; python-sphinx:checkdepends; vapoursynth:makedepends,,
source_rebuild_checklist_core,db,missing package/provider,iproute2:makedepends,,
source_rebuild_checklist_core,dblatex,missing package/provider,graphite:makedepends,,
source_rebuild_checklist_core,ddcutil,missing package/provider,fastfetch:makedepends,,
source_rebuild_checklist_core,dejagnu,missing package/provider,automake:checkdepends; binutils:checkdepends; gcc-ada:checkdepends; gcc-d:checkdepends; gcc-fortran:checkdepends; gcc-go:checkdepends; gcc-libs:checkdepends; gcc:checkdepends; lib32-gcc-libs:checkdepends; libasan:checkdepends; libatomic:checkdepends; libffi:checkdepends; libgcc:checkdepends; libgccjit:checkdepends; libgfortran:checkdepends; libgo:checkdepends; libgomp:checkdepends; libgphobos:checkdepends; libhwasan:checkdepends; liblsan:checkdepends; libobjc:checkdepends; libquadmath:checkdepends; libstdc++:checkdepends; libtsan:checkdepends; libubsan:checkdepends; procps-ng:checkdepends,,
source_rebuild_checklist_core,devario-alpm-runtime,missing package/provider,repository checklist,,
source_rebuild_checklist_core,devario-aqueous-desktop,missing package/provider,repository checklist,,
source_rebuild_checklist_core,devario-base,missing package/provider,repository checklist,,
source_rebuild_checklist_core,devario-boot,missing package/provider,repository checklist,,
source_rebuild_checklist_core,devario-filesystem,missing package/provider,repository checklist,,
source_rebuild_checklist_core,devario-keyring,missing package/provider,repository checklist,,
source_rebuild_checklist_core,dhcpcd,missing package/provider,libnm:makedepends; networkmanager:makedepends,,
source_rebuild_checklist_core,directx-headers,missing package/provider,mesa:makedepends; vulkan-intel:makedepends; vulkan-mesa-implicit-layers:makedepends; vulkan-radeon:makedepends; vulkan-swrast:makedepends,,
source_rebuild_checklist_core,dnsmasq,missing package/provider,libnm:makedepends; networkmanager:makedepends,,
source_rebuild_checklist_core,docbook-sgml,missing package/provider,fontconfig:makedepends; wpa_supplicant:makedepends,,
source_rebuild_checklist_core,docbook-utils,missing package/provider,fontconfig:makedepends; wpa_supplicant:makedepends,,
source_rebuild_checklist_core,docbook-xml,missing package/provider,giflib:makedepends; pam:makedepends,,
source_rebuild_checklist_core,docbook-xsl,missing package/provider,accountsservice:makedepends; alsa-utils:makedepends; bubblewrap:makedepends; colord:makedepends; dbus:makedepends; giflib:makedepends; gnome-keyring:makedepends; gtk-update-icon-cache:makedepends; gtk4:makedepends; gvfs:makedepends; iputils:makedepends; json-glib:makedepends; libcolord:makedepends; libnotify:makedepends; libxml2:makedepends; pam:makedepends; shadow:makedepends; shared-mime-info:makedepends; systemd-libs:makedepends; systemd-resolvconf:makedepends; systemd-sysvcompat:makedepends; systemd:makedepends; upower:makedepends; wayland:makedepends; xdg-desktop-portal:makedepends; xdg-user-dirs:makedepends; xdg-utils:makedepends,,
source_rebuild_checklist_core,docbook5-xml,missing package/provider,pam:makedepends,,
source_rebuild_checklist_core,doxygen,missing package/provider,alsa-card-profiles:makedepends; aom:makedepends; avahi:makedepends; dav1d:makedepends; dbus:makedepends; flac:makedepends; gcc-ada:makedepends; gcc-d:makedepends; gcc-fortran:makedepends; gcc-go:makedepends; gcc-libs:makedepends; gcc:makedepends; graphite:makedepends; jack2:makedepends; jasper:makedepends; kcoreaddons:makedepends; kcrash:makedepends; ki18n:makedepends; kwidgetsaddons:makedepends; lib32-gcc-libs:makedepends; libasan:makedepends; libatomic:makedepends; libdatrie:makedepends; libei:makedepends; libepoxy:makedepends; libevent:makedepends; libgcc:makedepends; libgccjit:makedepends; libgfortran:makedepends; libgo:makedepends; libgomp:makedepends; libgphobos:makedepends; libhwasan:makedepends; libical:makedepends; libimobiledevice:makedepends; libjxl:makedepends; liblsan:makedepends; libobjc:makedepends; libopenmpt:makedepends; libpipewire:makedepends; libpulse:makedepends; libqalculate:makedepends; libquadmath:makedepends; libssh:makedepends; libstdc++:makedepends; libteam:makedepends; libthai:makedepends; libtheora:makedepends; libtsan:makedepends; libubsan:makedepends; libvips:makedepends; libwireplumber:makedepends; libxkbcommon-x11:makedepends; libxkbcommon:makedepends; libxml2:makedepends; lv2:makedepends; openjpeg2:makedepends; openjph:makedepends; opus:makedepends; pipewire-alsa:makedepends; pipewire-audio:makedepends; pipewire-pulse:makedepends; pipewire-session-manager:makedepends; pipewire:makedepends; sdbus-cpp:makedepends; sord:makedepends; sratom:makedepends; tpm2-tss:makedepends; v4l-utils:makedepends; wayland:makedepends; wireplumber:makedepends; xz:makedepends,,
source_rebuild_checklist_core,ed,missing package/provider,patch:makedepends,,
source_rebuild_checklist_core,efl,missing package/provider,fastfetch:makedepends,,
source_rebuild_checklist_core,ell,missing package/provider,bluez-libs:makedepends; bluez-utils:makedepends; bluez:makedepends,,
source_rebuild_checklist_core,expect,missing package/provider,automake:checkdepends; gcc-ada:checkdepends; gcc-d:checkdepends; gcc-fortran:checkdepends; gcc-go:checkdepends; gcc-libs:checkdepends; gcc:checkdepends; lib32-gcc-libs:checkdepends; libasan:checkdepends; libatomic:checkdepends; libgcc:checkdepends; libgccjit:checkdepends; libgfortran:checkdepends; libgo:checkdepends; libgomp:checkdepends; libgphobos:checkdepends; libhwasan:checkdepends; liblsan:checkdepends; libobjc:checkdepends; libquadmath:checkdepends; libstdc++:checkdepends; libtsan:checkdepends; libubsan:checkdepends,,
source_rebuild_checklist_core,extra-cmake-modules,missing package/provider,kcoreaddons:makedepends; kcrash:makedepends; ki18n:makedepends; kpmcore:makedepends; kwidgetsaddons:makedepends,,
source_rebuild_checklist_core,faac,missing package/provider,gst-plugins-bad-libs:makedepends; gst-plugins-base-libs:makedepends; gst-plugins-base:makedepends; gst-plugins-good:makedepends; gstreamer:makedepends,,
source_rebuild_checklist_core,faad2,missing package/provider,gst-plugins-bad-libs:makedepends; gst-plugins-base-libs:makedepends; gst-plugins-base:makedepends; gst-plugins-good:makedepends; gstreamer:makedepends,,
source_rebuild_checklist_core,ffnvcodec-headers,missing package/provider,ffmpeg:makedepends,,
source_rebuild_checklist_core,fig2dev,missing package/provider,gnupg:makedepends,,
source_rebuild_checklist_core,fish,missing package/provider,grim:makedepends,,
source_rebuild_checklist_core,flake8,missing package/provider,lv2:makedepends,,
source_rebuild_checklist_core,flatpak,missing package/provider,xdg-desktop-portal:makedepends,,
source_rebuild_checklist_core,fluidsynth,missing package/provider,gst-plugins-bad-libs:makedepends; gst-plugins-base-libs:makedepends; gst-plugins-base:makedepends; gst-plugins-good:makedepends; gstreamer:makedepends,,
source_rebuild_checklist_core,fontforge,missing package/provider,ttf-dejavu:makedepends,,
source_rebuild_checklist_core,fop,missing package/provider,pam:makedepends,,
source_rebuild_checklist_core,freetds,missing package/provider,qt6-base:makedepends,,
source_rebuild_checklist_core,frei0r-plugins,missing package/provider,ffmpeg:makedepends,,
source_rebuild_checklist_core,gamemode,missing package/provider,xdg-desktop-portal:makedepends,,
source_rebuild_checklist_core,gd,missing package/provider,glibc-locales:makedepends; glibc:makedepends; lib32-glibc:makedepends,,
source_rebuild_checklist_core,geoclue,missing package/provider,xdg-desktop-portal:makedepends,,
source_rebuild_checklist_core,gi-docgen,missing package/provider,appstream:makedepends; at-spi2-core:makedepends; gcr-4:makedepends; gcr:makedepends; gdk-pixbuf2:makedepends; glib2-devel:makedepends; glib2:makedepends; glycin:makedepends; gssdp:makedepends; gtk-update-icon-cache:makedepends; gtk4:makedepends; gupnp:makedepends; json-glib:makedepends; libadwaita:makedepends; libcloudproviders:makedepends; libical:makedepends; libnotify:makedepends; libproxy:makedepends; librsvg:makedepends; libsecret:makedepends; libsoup3:makedepends; libvips:makedepends; pango:makedepends; tinysparql:makedepends,,
source_rebuild_checklist_core,gjs,missing package/provider,libsecret:checkdepends,,
source_rebuild_checklist_core,glad,missing package/provider,libplacebo:makedepends,,
source_rebuild_checklist_core,glew,missing package/provider,harfbuzz:makedepends,,
source_rebuild_checklist_core,glfw,missing package/provider,harfbuzz:makedepends,,
source_rebuild_checklist_core,gperf,missing package/provider,appstream:makedepends; coreutils:makedepends; diffutils:makedepends; findutils:makedepends; fontconfig:makedepends; grep:makedepends; libseccomp:makedepends; m4:makedepends; systemd-libs:makedepends; systemd-resolvconf:makedepends; systemd-sysvcompat:makedepends; systemd:makedepends; xcb-util:makedepends,,
source_rebuild_checklist_core,graphviz,missing package/provider,alsa-card-profiles:makedepends; avahi:makedepends; dav1d:makedepends; graphite:makedepends; libepoxy:makedepends; libjxl:makedepends; libnice:makedepends; libpipewire:makedepends; libteam:makedepends; libvips:makedepends; libwireplumber:makedepends; libxkbcommon-x11:makedepends; libxkbcommon:makedepends; openjpeg2:makedepends; pipewire-alsa:makedepends; pipewire-audio:makedepends; pipewire-pulse:makedepends; pipewire-session-manager:makedepends; pipewire:makedepends; wayland:makedepends; wireplumber:makedepends,,
source_rebuild_checklist_core,grub,missing package/provider,efivar:checkdepends; terminus-font:makedepends,,
source_rebuild_checklist_core,gtk-doc,missing package/provider,accountsservice:makedepends; cairo:makedepends; colord:makedepends; dconf:makedepends; gnutls:makedepends; gobject-introspection-runtime:makedepends; gobject-introspection:makedepends; graphene:makedepends; gtk3:makedepends; gtk4-layer-shell:makedepends; gupnp-igd:makedepends; harfbuzz:makedepends; libblockdev-btrfs:makedepends; libblockdev-crypto:makedepends; libblockdev-fs:makedepends; libblockdev-loop:makedepends; libblockdev-lvm:makedepends; libblockdev-mdraid:makedepends; libblockdev-nvme:makedepends; libblockdev-part:makedepends; libblockdev-smart:makedepends; libblockdev-swap:makedepends; libblockdev:makedepends; libcolord:makedepends; libgirepository:makedepends; libgudev:makedepends; libmm-glib:makedepends; libnice:makedepends; libnm:makedepends; libp11-kit:makedepends; libpsl:makedepends; libxklavier:makedepends; libxmlb:makedepends; modemmanager:makedepends; nemo:makedepends; networkmanager:makedepends; p11-kit:makedepends; playerctl:makedepends; polkit:makedepends; udisks2:makedepends; upower:makedepends,,
source_rebuild_checklist_core,gtk2-compat,missing package/provider,pinentry:makedepends,,
source_rebuild_checklist_core,gyp,missing package/provider,ca-certificates-mozilla:makedepends; nss:makedepends,,
source_rebuild_checklist_core,hotdoc,missing package/provider,orc:makedepends,,
source_rebuild_checklist_core,ibus,missing package/provider,sdl3:makedepends,,
source_rebuild_checklist_core,imagemagick,missing package/provider,fastfetch:makedepends; giflib:makedepends; gnupg:makedepends; libvips:makedepends; python-sphinx:checkdepends,,
source_rebuild_checklist_core,imake,missing package/provider,firefox:makedepends,,
source_rebuild_checklist_core,inetutils,missing package/provider,gcc-ada:checkdepends; gcc-d:checkdepends; gcc-fortran:checkdepends; gcc-go:checkdepends; gcc-libs:checkdepends; gcc:checkdepends; lib32-gcc-libs:checkdepends; libasan:checkdepends; libatomic:checkdepends; libgcc:checkdepends; libgccjit:checkdepends; libgfortran:checkdepends; libgo:checkdepends; libgomp:checkdepends; libgphobos:checkdepends; libhwasan:checkdepends; liblsan:checkdepends; libobjc:checkdepends; libquadmath:checkdepends; libstdc++:checkdepends; libtsan:checkdepends; libubsan:checkdepends,,
source_rebuild_checklist_core,intltool,missing package/provider,gparted:makedepends; libdbusmenu-glib:makedepends; libdbusmenu-gtk3:makedepends; libqalculate:makedepends; nemo:makedepends; systemd-libs:makedepends; systemd-resolvconf:makedepends; systemd-sysvcompat:makedepends; systemd:makedepends,,
source_rebuild_checklist_core,itstool,missing package/provider,appstream:makedepends; gparted:makedepends; shadow:makedepends,,
source_rebuild_checklist_core,iucode-tool,missing package/provider,intel-ucode:makedepends,,
source_rebuild_checklist_core,iwd,missing package/provider,libnm:makedepends; networkmanager:makedepends,,
source_rebuild_checklist_core,java-environment,missing package/provider,automake:checkdepends; hdf5:makedepends; libjxl:makedepends; rubberband:makedepends,,
source_rebuild_checklist_core,java-environment=17,missing package/provider,libbluray:makedepends,,
source_rebuild_checklist_core,jdk-openjdk,missing package/provider,libical:makedepends,,
source_rebuild_checklist_core,jsoncpp,missing package/provider,cmake:depends,,
source_rebuild_checklist_core,kexec-tools,missing package/provider,systemd-libs:makedepends; systemd-resolvconf:makedepends; systemd-sysvcompat:makedepends; systemd:makedepends,,
source_rebuild_checklist_core,kguiaddons,missing package/provider,pinentry:makedepends,,
source_rebuild_checklist_core,kwindowsystem,missing package/provider,pinentry:makedepends,,
source_rebuild_checklist_core,ladspa,missing package/provider,ffmpeg:makedepends; gst-plugins-bad-libs:makedepends; gst-plugins-base-libs:makedepends; gst-plugins-base:makedepends; gst-plugins-good:makedepends; gstreamer:makedepends; rubberband:makedepends,,
source_rebuild_checklist_core,libavtp,missing package/provider,gst-plugins-bad-libs:makedepends; gst-plugins-base-libs:makedepends; gst-plugins-base:makedepends; gst-plugins-good:makedepends; gstreamer:makedepends,,
source_rebuild_checklist_core,libcaca,missing package/provider,gst-plugins-bad-libs:makedepends; gst-plugins-base-libs:makedepends; gst-plugins-base:makedepends; gst-plugins-good:depends; gst-plugins-good:makedepends; gstreamer:makedepends,,
source_rebuild_checklist_core,libcamera,missing package/provider,alsa-card-profiles:makedepends; libpipewire:makedepends; pipewire-alsa:makedepends; pipewire-audio:makedepends; pipewire-pulse:makedepends; pipewire-session-manager:makedepends; pipewire:makedepends,,
source_rebuild_checklist_core,libcanberra,missing package/provider,alsa-card-profiles:makedepends; libpipewire:makedepends; pipewire-alsa:makedepends; pipewire-audio:makedepends; pipewire-pulse:makedepends; pipewire-session-manager:makedepends; pipewire:makedepends,,
source_rebuild_checklist_core,libclc,missing package/provider,mesa:makedepends; vulkan-intel:makedepends; vulkan-mesa-implicit-layers:makedepends; vulkan-radeon:makedepends; vulkan-swrast:makedepends,,
source_rebuild_checklist_core,libdc1394,missing package/provider,gst-plugins-bad-libs:makedepends; gst-plugins-base-libs:makedepends; gst-plugins-base:makedepends; gst-plugins-good:makedepends; gstreamer:makedepends,,
source_rebuild_checklist_core,libdca,missing package/provider,gst-plugins-bad-libs:makedepends; gst-plugins-base-libs:makedepends; gst-plugins-base:makedepends; gst-plugins-good:makedepends; gstreamer:makedepends,,
source_rebuild_checklist_core,libde265,missing package/provider,gst-plugins-bad-libs:makedepends; gst-plugins-base-libs:makedepends; gst-plugins-base:makedepends; gst-plugins-good:makedepends; gstreamer:makedepends,,
source_rebuild_checklist_core,libdv,missing package/provider,gst-plugins-bad-libs:makedepends; gst-plugins-base-libs:makedepends; gst-plugins-base:makedepends; gst-plugins-good:depends; gst-plugins-good:makedepends; gstreamer:makedepends,,
source_rebuild_checklist_core,libfbclient,missing package/provider,qt6-base:makedepends,,
source_rebuild_checklist_core,libffado,missing package/provider,alsa-card-profiles:makedepends; jack2:makedepends; libpipewire:makedepends; pipewire-alsa:makedepends; pipewire-audio:makedepends; pipewire-pulse:makedepends; pipewire-session-manager:makedepends; pipewire:makedepends,,
source_rebuild_checklist_core,libfido2,missing package/provider,openssh:makedepends; systemd-libs:makedepends; systemd-resolvconf:makedepends; systemd-sysvcompat:makedepends; systemd:makedepends,,
source_rebuild_checklist_core,libgme,missing package/provider,gst-plugins-bad-libs:makedepends; gst-plugins-base-libs:makedepends; gst-plugins-base:makedepends; gst-plugins-good:makedepends; gstreamer:makedepends,,
source_rebuild_checklist_core,libgoa,missing package/provider,gvfs:makedepends,,
source_rebuild_checklist_core,libgphoto2,missing package/provider,gvfs:makedepends,,
source_rebuild_checklist_core,libgsf,missing package/provider,nemo:makedepends,,
source_rebuild_checklist_core,libgusb,missing package/provider,colord:depends,,
source_rebuild_checklist_core,libheif,missing package/provider,glycin:makedepends; libvips:makedepends,,
source_rebuild_checklist_core,libiconv,missing package/provider,fuse-common:makedepends; fuse3:makedepends,,
source_rebuild_checklist_core,liblrdf,missing package/provider,gst-plugins-bad-libs:makedepends; gst-plugins-base-libs:makedepends; gst-plugins-base:makedepends; gst-plugins-good:makedepends; gstreamer:makedepends,,
source_rebuild_checklist_core,libltc,missing package/provider,gst-plugins-bad-libs:makedepends; gst-plugins-base-libs:makedepends; gst-plugins-base:makedepends; gst-plugins-good:makedepends; gstreamer:makedepends,,
source_rebuild_checklist_core,libmbim,missing package/provider,modemmanager:depends,,
source_rebuild_checklist_core,libmbim-glib.so,missing provision,modemmanager:depends,,
source_rebuild_checklist_core,libmicrodns,missing package/provider,gst-plugins-bad-libs:makedepends; gst-plugins-base-libs:makedepends; gst-plugins-base:makedepends; gst-plugins-good:makedepends; gstreamer:makedepends,,
source_rebuild_checklist_core,libmicrohttpd,missing package/provider,debuginfod:depends; debuginfod:makedepends; elfutils:makedepends; libelf:makedepends; systemd-libs:makedepends; systemd-resolvconf:makedepends; systemd-sysvcompat:makedepends; systemd:makedepends,,
source_rebuild_checklist_core,libmicrohttpd.so,missing provision,debuginfod:depends,,
source_rebuild_checklist_core,libmpcdec,missing package/provider,gst-plugins-bad-libs:makedepends; gst-plugins-base-libs:makedepends; gst-plugins-base:makedepends; gst-plugins-good:makedepends; gstreamer:makedepends,,
source_rebuild_checklist_core,libmpeg2,missing package/provider,gst-plugins-bad-libs:makedepends; gst-plugins-base-libs:makedepends; gst-plugins-base:makedepends; gst-plugins-good:makedepends; gstreamer:makedepends,,
source_rebuild_checklist_core,libmtp,missing package/provider,gvfs:makedepends,,
source_rebuild_checklist_core,libnfs,missing package/provider,gvfs:makedepends,,
source_rebuild_checklist_core,libotf,missing package/provider,emacs:depends,,
source_rebuild_checklist_core,libpaper,missing package/provider,cups:depends; cups:makedepends; libcups:makedepends,,
source_rebuild_checklist_core,libportal,missing package/provider,xdg-desktop-portal:makedepends,,
source_rebuild_checklist_core,libqmi,missing package/provider,modemmanager:depends,,
source_rebuild_checklist_core,libqmi-glib.so,missing provision,modemmanager:depends,,
source_rebuild_checklist_core,libqrtr-glib,missing package/provider,modemmanager:depends,,
source_rebuild_checklist_core,libshout,missing package/provider,gst-plugins-bad-libs:makedepends; gst-plugins-base-libs:makedepends; gst-plugins-base:makedepends; gst-plugins-good:depends; gst-plugins-good:makedepends; gstreamer:makedepends,,
source_rebuild_checklist_core,libspandsp.so,missing provision,pipewire-audio:depends,,
source_rebuild_checklist_core,libsrtp,missing package/provider,gst-plugins-bad-libs:makedepends; gst-plugins-base-libs:makedepends; gst-plugins-base:makedepends; gst-plugins-good:makedepends; gstreamer:makedepends,,
source_rebuild_checklist_core,libtpms,missing package/provider,tpm2-tss:makedepends,,
source_rebuild_checklist_core,libtree-sitter.so,missing provision,emacs:depends,,
source_rebuild_checklist_core,libwpe,missing package/provider,gst-plugins-bad-libs:makedepends; gst-plugins-base-libs:makedepends; gst-plugins-base:makedepends; gst-plugins-good:makedepends; gstreamer:makedepends,,
source_rebuild_checklist_core,libxaw,missing package/provider,groff:makedepends; xorg-server-common:makedepends; xorg-server-xvfb:makedepends,,
source_rebuild_checklist_core,libxmu,missing package/provider,jasper:makedepends; xorg-server-common:makedepends; xorg-server-xvfb:makedepends,,
source_rebuild_checklist_core,libxres,missing package/provider,xorg-server-common:makedepends; xorg-server-xvfb:makedepends,,
source_rebuild_checklist_core,libxslt,missing package/provider,bubblewrap:makedepends; gcr:makedepends; libpsl:makedepends; libxcb:makedepends; mobile-broadband-provider-info:makedepends; pam:makedepends; shadow:makedepends; systemd-libs:makedepends; systemd-resolvconf:makedepends; systemd-sysvcompat:makedepends; systemd:makedepends; wayland:makedepends; xkeyboard-config:makedepends,,
source_rebuild_checklist_core,libyaml,missing package/provider,libblockdev-btrfs:makedepends; libblockdev-crypto:makedepends; libblockdev-fs:makedepends; libblockdev-loop:makedepends; libblockdev-lvm:depends; libblockdev-lvm:makedepends; libblockdev-mdraid:makedepends; libblockdev-nvme:makedepends; libblockdev-part:makedepends; libblockdev-smart:makedepends; libblockdev-swap:makedepends; libblockdev:makedepends; libfyaml:makedepends,,
source_rebuild_checklist_core,linux-atm,missing package/provider,iproute2:makedepends,,
source_rebuild_checklist_core,linux-headers,missing package/provider,kmod:checkdepends; openssh:makedepends; systemd-libs:makedepends; systemd-resolvconf:makedepends; systemd-sysvcompat:makedepends; systemd:makedepends,,
source_rebuild_checklist_core,lirc,missing package/provider,libpulse:makedepends,,
source_rebuild_checklist_core,lld,missing package/provider,aqueous-core:makedepends; aqueous-session:makedepends; firefox:makedepends; limine:makedepends,,
source_rebuild_checklist_core,lua51-lgi,missing package/provider,gtk4-layer-shell:checkdepends,,
source_rebuild_checklist_core,luajit,missing package/provider,gtk4-layer-shell:makedepends,,
source_rebuild_checklist_core,lynx,missing package/provider,libasyncns:makedepends; xdg-utils:makedepends,,
source_rebuild_checklist_core,lzip,missing package/provider,automake:checkdepends,,
source_rebuild_checklist_core,mallard-ducktype,missing package/provider,dbus:makedepends,,
source_rebuild_checklist_core,mandoc,missing package/provider,efivar:makedepends,,
source_rebuild_checklist_core,mariadb-libs,missing package/provider,libsasl:makedepends; qt6-base:makedepends,,
source_rebuild_checklist_core,mdbook,missing package/provider,wayland:makedepends,,
source_rebuild_checklist_core,meson,missing package/provider,accountsservice:makedepends; adwaita-cursors:makedepends; adwaita-fonts:makedepends; adwaita-icon-theme-legacy:makedepends; adwaita-icon-theme:makedepends; alsa-card-profiles:makedepends; appstream:makedepends; aqueous-core:makedepends; aqueous-session:makedepends; at-spi2-core:makedepends; atkmm-docs:makedepends; atkmm:makedepends; bubblewrap:makedepends; cairo:makedepends; cairomm-docs:makedepends; cairomm:makedepends; cinnamon-desktop:makedepends; colord:makedepends; dav1d:makedepends; dbus-broker-units:makedepends; dbus-broker:makedepends; dbus-units:makedepends; dbus:makedepends; dconf:makedepends; desktop-file-utils:makedepends; egl-gbm:makedepends; egl-wayland2:makedepends; egl-wayland:makedepends; egl-x11:makedepends; eglexternalplatform:makedepends; fontconfig:makedepends; freetype2:makedepends; fribidi:makedepends; fuse-common:makedepends; fuse3:makedepends; gcr-4:makedepends; gcr:makedepends; gdk-pixbuf2:makedepends; glib-networking:makedepends; glib2-devel:makedepends; glib2:makedepends; glibmm-docs:makedepends; glibmm:makedepends; glu:makedepends; glycin:makedepends; gnome-keyring:makedepends; gobject-introspection-runtime:makedepends; gobject-introspection:makedepends; graphene:makedepends; grim:makedepends; gsettings-desktop-schemas:makedepends; gsettings-system-schemas:makedepends; gssdp:makedepends; gst-plugins-bad-libs:makedepends; gst-plugins-base-libs:makedepends; gst-plugins-base:makedepends; gst-plugins-good:makedepends; gstreamer:makedepends; gtk-update-icon-cache:makedepends; gtk3:makedepends; gtk4-layer-shell:makedepends; gtk4:makedepends; gtkmm3:makedepends; gupnp-igd:makedepends; gupnp:makedepends; gvfs:makedepends; harfbuzz:makedepends; hicolor-icon-theme:makedepends; iputils:makedepends; iso-codes:makedepends; json-glib:makedepends; kmod:makedepends; leancrypto:makedepends; libadwaita:makedepends; libbluray:makedepends; libcgif:makedepends; libcloudproviders:makedepends; libcolord:makedepends; libdecor:makedepends; libdisplay-info:makedepends; libdrm:makedepends; libdvdnav:makedepends; libdvdread:makedepends; libei:makedepends; libepoxy:makedepends; libevdev:makedepends; libgirepository:makedepends; libglvnd:makedepends; libgnomekbd:makedepends; libgudev:makedepends; libinih:makedepends; libinput:makedepends; liblc3:makedepends; libliftoff:makedepends; libmm-glib:makedepends; libnice:makedepends; libnm:makedepends; libnotify:makedepends; libnvme:makedepends; libp11-kit:makedepends; libpciaccess:makedepends; libpipewire:makedepends; libplacebo:makedepends; libproxy:makedepends; libpulse:makedepends; librsvg:makedepends; libsecret:makedepends; libsigc++-docs:makedepends; libsigc++:makedepends; libsoup3:makedepends; libsysprof-capture:makedepends; libva:makedepends; libvdpau:makedepends; libvips:makedepends; libwacom:makedepends; libwireplumber:makedepends; libxau:makedepends; libxcvt:makedepends; libxkbcommon-x11:makedepends; libxkbcommon:makedepends; libxkbfile:makedepends; libxml2:makedepends; libxmlb:makedepends; lilv:makedepends; lv2:makedepends; lz4:makedepends; mesa:makedepends; mobile-broadband-provider-info:makedepends; modemmanager:makedepends; nemo:makedepends; networkmanager:makedepends; opus:makedepends; orc:makedepends; p11-kit:makedepends; pam:makedepends; pango:makedepends; pangomm-docs:makedepends; pangomm:makedepends; pcsclite:makedepends; pipewire-alsa:makedepends; pipewire-audio:makedepends; pipewire-pulse:makedepends; pipewire-session-manager:makedepends; pipewire:makedepends; pixman:makedepends; pkgconf:makedepends; playerctl:makedepends; polkit:makedepends; python-cairo:makedepends; python-dbus:makedepends; python-gobject:makedepends; rubberband:makedepends; seatd:makedepends; serd:makedepends; shared-mime-info:makedepends; slurp:makedepends; sord:makedepends; sratom:makedepends; systemd-libs:makedepends; systemd-resolvconf:makedepends; systemd-sysvcompat:makedepends; systemd:makedepends; tinysparql:makedepends; tomlplusplus:makedepends; upower:makedepends; util-linux-libs:makedepends; util-linux:makedepends; uwsm:makedepends; v4l-utils:makedepends; vmaf:makedepends; vulkan-intel:makedepends; vulkan-mesa-implicit-layers:makedepends; vulkan-radeon:makedepends; vulkan-swrast:makedepends; wayland-protocols:makedepends; wayland:makedepends; webrtc-audio-processing-1:makedepends; wireplumber:makedepends; wl-clipboard:makedepends; wlroots0.20:makedepends; xapp-symbolic-icons:makedepends; xapp:makedepends; xdg-desktop-portal-gtk:makedepends; xdg-desktop-portal-wlr:makedepends; xdg-desktop-portal:makedepends; xdg-user-dirs:makedepends; xkeyboard-config:makedepends; xorg-fonts-encodings:makedepends; xorg-server-common:makedepends; xorg-server-xvfb:makedepends; xorg-xwayland:makedepends; xorgproto:makedepends; zix:makedepends,,
source_rebuild_checklist_core,meson-python,missing package/provider,vapoursynth:makedepends,,
source_rebuild_checklist_core,mjpegtools,missing package/provider,gst-plugins-bad-libs:makedepends; gst-plugins-base-libs:makedepends; gst-plugins-base:makedepends; gst-plugins-good:makedepends; gstreamer:makedepends,,
source_rebuild_checklist_core,mm-common,missing package/provider,atkmm-docs:makedepends; atkmm:makedepends; cairomm-docs:makedepends; cairomm:makedepends; glibmm-docs:makedepends; glibmm:makedepends; gtkmm3:makedepends; libsigc++-docs:makedepends; libsigc++:makedepends; pangomm-docs:makedepends; pangomm:makedepends,,
source_rebuild_checklist_core,msgraph,missing package/provider,gvfs:makedepends,,
source_rebuild_checklist_core,mtools,missing package/provider,limine:makedepends,,
source_rebuild_checklist_core,nasm,missing package/provider,dav1d:makedepends; ffmpeg:makedepends; firefox:makedepends; flac:makedepends; gst-plugins-bad-libs:makedepends; gst-plugins-base-libs:makedepends; gst-plugins-base:makedepends; gst-plugins-good:makedepends; gstreamer:makedepends; lame:makedepends; libass:makedepends; libjpeg-turbo:makedepends; libvpx:makedepends; limine:makedepends; rav1e:makedepends; svt-av1:makedepends; syslinux:makedepends; vmaf:makedepends; x264:makedepends; x265:makedepends; xvidcore:makedepends,,
source_rebuild_checklist_core,ncompress,missing package/provider,automake:checkdepends,,
source_rebuild_checklist_core,ndctl,missing package/provider,libblockdev-btrfs:makedepends; libblockdev-crypto:makedepends; libblockdev-fs:makedepends; libblockdev-loop:makedepends; libblockdev-lvm:makedepends; libblockdev-mdraid:makedepends; libblockdev-nvme:makedepends; libblockdev-part:makedepends; libblockdev-smart:makedepends; libblockdev-swap:makedepends; libblockdev:makedepends,,
source_rebuild_checklist_core,neon,missing package/provider,gst-plugins-bad-libs:makedepends; gst-plugins-base-libs:makedepends; gst-plugins-base:makedepends; gst-plugins-good:makedepends; gstreamer:makedepends,,
source_rebuild_checklist_core,net-tools,missing package/provider,gnutls:checkdepends,,
source_rebuild_checklist_core,netpbm,missing package/provider,groff:makedepends,,
source_rebuild_checklist_core,ninja,missing package/provider,aom:makedepends; aqueous-core:makedepends; aqueous-session:makedepends; ca-certificates-mozilla:makedepends; clang21:makedepends; compiler-rt21:makedepends; dav1d:makedepends; dbus:makedepends; flac:makedepends; freeglut:makedepends; glib2-devel:makedepends; glib2:makedepends; glslang:makedepends; grim:makedepends; gtk4-layer-shell:makedepends; json-c:makedepends; libbluray:makedepends; libdecor:makedepends; libdeflate:makedepends; libdisplay-info:makedepends; libevent:makedepends; libjpeg-turbo:makedepends; libldac:makedepends; libogg:makedepends; libplacebo:makedepends; libsoxr:makedepends; libwebp:makedepends; lld21:makedepends; llvm-libs:makedepends; llvm21-libs:makedepends; llvm21:makedepends; llvm:makedepends; lz4:makedepends; nss:makedepends; pahole:makedepends; qt6-base:makedepends; qt6-declarative:makedepends; qt6-imageformats:makedepends; qt6-svg:makedepends; qt6-translations:makedepends; sdl2-compat:makedepends; sdl3:makedepends; seatd:makedepends; shaderc:makedepends; spirv-headers:makedepends; spirv-tools:makedepends; srt:makedepends; svt-av1:makedepends; util-linux-libs:makedepends; util-linux:makedepends; vid.stab:makedepends; vulkan-headers:makedepends; vulkan-icd-loader:makedepends; wlroots0.20:makedepends; x265:makedepends; zlib-ng:makedepends; zstd:makedepends,,
source_rebuild_checklist_core,noctalia,missing package/provider,repository checklist,,seafoam-labs/noctalia-git=5.0.1.r5455.g24dfc26d2-1
source_rebuild_checklist_core,noctalia-greeter,missing package/provider,repository checklist,,seafoam-labs/noctalia-greeter-git=1.6.0.r275.g44337ecba-1
source_rebuild_checklist_core,nodejs,missing package/provider,firefox:makedepends; libmysofa:checkdepends,,
source_rebuild_checklist_core,nuklear,missing package/provider,libplacebo:makedepends,,
source_rebuild_checklist_core,onnxruntime,missing package/provider,alsa-card-profiles:makedepends; firefox:makedepends; gst-plugins-bad-libs:makedepends; gst-plugins-base-libs:makedepends; gst-plugins-base:makedepends; gst-plugins-good:makedepends; gstreamer:makedepends; libpipewire:makedepends; pipewire-alsa:makedepends; pipewire-audio:makedepends; pipewire-pulse:makedepends; pipewire-session-manager:makedepends; pipewire:makedepends,,
source_rebuild_checklist_core,openal,missing package/provider,alsa-card-profiles:checkdepends; gst-plugins-bad-libs:makedepends; gst-plugins-base-libs:makedepends; gst-plugins-base:makedepends; gst-plugins-good:makedepends; gstreamer:makedepends; libpipewire:checkdepends; pipewire-alsa:checkdepends; pipewire-audio:checkdepends; pipewire-pulse:checkdepends; pipewire-session-manager:checkdepends; pipewire:checkdepends,,
source_rebuild_checklist_core,opencl-headers,missing package/provider,fastfetch:makedepends; ffmpeg:makedepends,,
source_rebuild_checklist_core,opencl-headers>=2.1,missing package/provider,ocl-icd:makedepends,,
source_rebuild_checklist_core,opencv,missing package/provider,gst-plugins-bad-libs:makedepends; gst-plugins-base-libs:makedepends; gst-plugins-base:makedepends; gst-plugins-good:makedepends; gstreamer:makedepends,,
source_rebuild_checklist_core,openh264,missing package/provider,gst-plugins-bad-libs:makedepends; gst-plugins-base-libs:makedepends; gst-plugins-base:makedepends; gst-plugins-good:makedepends; gstreamer:makedepends,,
source_rebuild_checklist_core,openmpi,missing package/provider,boost-libs:makedepends; boost:makedepends; fftw:makedepends; hdf5:makedepends,,
source_rebuild_checklist_core,openslide,missing package/provider,libvips:makedepends,,
source_rebuild_checklist_core,opentimelineio,missing package/provider,gst-plugins-bad-libs:makedepends; gst-plugins-base-libs:makedepends; gst-plugins-base:makedepends; gst-plugins-good:makedepends; gstreamer:makedepends,,
source_rebuild_checklist_core,pacrunner,missing package/provider,libnm:makedepends; networkmanager:makedepends,,
source_rebuild_checklist_core,pandoc,missing package/provider,gssdp:makedepends,,
source_rebuild_checklist_core,pandoc-cli,missing package/provider,flac:makedepends; ghostty-shell-integration:makedepends; ghostty-terminfo:makedepends; ghostty:makedepends,,
source_rebuild_checklist_core,parallel,missing package/provider,amd-ucode:makedepends; linux-firmware-amd:makedepends; linux-firmware-amdgpu:makedepends; linux-firmware-atheros:makedepends; linux-firmware-broadcom:makedepends; linux-firmware-cirrus:makedepends; linux-firmware-intel:makedepends; linux-firmware-mediatek:makedepends; linux-firmware-nvidia:makedepends; linux-firmware-other:makedepends; linux-firmware-radeon:makedepends; linux-firmware-realtek:makedepends; linux-firmware-ti:makedepends; linux-firmware-whence:makedepends; linux-firmware:makedepends,,
source_rebuild_checklist_core,patchelf,missing package/provider,curl:makedepends,,
source_rebuild_checklist_core,patchutils,missing package/provider,perl:makedepends,,
source_rebuild_checklist_core,perl-b-cow,missing package/provider,perl-clone:checkdepends,,
source_rebuild_checklist_core,perl-devel-checklib,missing package/provider,perl-xml-parser:makedepends,,
source_rebuild_checklist_core,perl-file-homedir,missing package/provider,groff:makedepends,,
source_rebuild_checklist_core,perl-file-sharedir-install,missing package/provider,perl-xml-parser:makedepends,,
source_rebuild_checklist_core,perl-font-ttf,missing package/provider,ttf-dejavu:makedepends,,
source_rebuild_checklist_core,perl-io-compress-brotli,missing package/provider,perl-http-message:checkdepends,,
source_rebuild_checklist_core,perl-io-string,missing package/provider,perl-xml-parser:checkdepends,,
source_rebuild_checklist_core,perl-locale-gettext,missing package/provider,help2man:depends,,
source_rebuild_checklist_core,perl-module-build-tiny,missing package/provider,perl-http-daemon:makedepends,,
source_rebuild_checklist_core,perl-sgmls,missing package/provider,fontconfig:makedepends; iputils:makedepends; wpa_supplicant:makedepends,,
source_rebuild_checklist_core,perl-test-deep,missing package/provider,perl-http-cookiejar:checkdepends,,
source_rebuild_checklist_core,perl-test-fatal,missing package/provider,perl-libwww:checkdepends,,
source_rebuild_checklist_core,perl-test-needs,missing package/provider,perl-http-daemon:checkdepends; perl-http-message:checkdepends; perl-libwww:checkdepends; perl-uri:checkdepends,,
source_rebuild_checklist_core,perl-test-pod,missing package/provider,perl-error:checkdepends,,
source_rebuild_checklist_core,perl-test-pod-coverage,missing package/provider,perl-error:checkdepends,,
source_rebuild_checklist_core,perl-test-requires,missing package/provider,perl-http-cookiejar:checkdepends,,
source_rebuild_checklist_core,perl-test-requiresinternet,missing package/provider,perl-libwww:checkdepends,,
source_rebuild_checklist_core,perl-test-warnings,missing package/provider,perl-uri:checkdepends,,
source_rebuild_checklist_core,perl-yaml,missing package/provider,libnm:makedepends; networkmanager:makedepends,,
source_rebuild_checklist_core,php-apache,missing package/provider,libsoup3:checkdepends,,
source_rebuild_checklist_core,po4a,missing package/provider,man-db:makedepends; procps-ng:makedepends; psmisc:makedepends; util-linux-libs:makedepends; util-linux:makedepends; xz:makedepends,,
source_rebuild_checklist_core,poppler-glib,missing package/provider,libvips:makedepends,,
source_rebuild_checklist_core,postgresql,missing package/provider,qt6-base:makedepends,,
source_rebuild_checklist_core,postgresql-libs,missing package/provider,libsasl:makedepends,,
source_rebuild_checklist_core,ppp,missing package/provider,libnm:makedepends; modemmanager:depends; networkmanager:makedepends,,
source_rebuild_checklist_core,psutils,missing package/provider,groff:makedepends,,
source_rebuild_checklist_core,publicsuffix-list,missing package/provider,libpsl:makedepends,,
source_rebuild_checklist_core,pybind11,missing package/provider,openexr:makedepends,,
source_rebuild_checklist_core,pygmentize,missing package/provider,lv2:makedepends,,
source_rebuild_checklist_core,pyside6,missing package/provider,kcoreaddons:makedepends; kwidgetsaddons:makedepends,,
source_rebuild_checklist_core,python-attrs,missing package/provider,libei:makedepends,,
source_rebuild_checklist_core,python-babel,missing package/provider,python-sphinx:depends,,
source_rebuild_checklist_core,python-black,missing package/provider,lv2:makedepends,,
source_rebuild_checklist_core,python-breathe,missing package/provider,libwireplumber:makedepends; wireplumber:makedepends,,
source_rebuild_checklist_core,python-commonmark,missing package/provider,gst-plugins-bad-libs:makedepends; gst-plugins-base-libs:makedepends; gst-plugins-base:makedepends; gst-plugins-good:makedepends; gstreamer:makedepends; rsync:makedepends,,
source_rebuild_checklist_core,python-coverage,missing package/provider,python-setuptools:checkdepends,,
source_rebuild_checklist_core,python-dbus-next,missing package/provider,playerctl:checkdepends,,
source_rebuild_checklist_core,python-dbusmock,missing package/provider,accountsservice:checkdepends; libei:makedepends; libnotify:checkdepends; polkit:checkdepends; upower:checkdepends; xdg-desktop-portal:makedepends,,
source_rebuild_checklist_core,python-defusedxml,missing package/provider,python-sphinx:checkdepends,,
source_rebuild_checklist_core,python-docutils,missing package/provider,alsa-card-profiles:makedepends; alsa-utils:makedepends; bluez-libs:makedepends; bluez-utils:makedepends; bluez:makedepends; dbus-broker-units:makedepends; dbus-broker:makedepends; dbus-units:makedepends; gdk-pixbuf2:makedepends; glib2-devel:makedepends; glib2:makedepends; gtk-update-icon-cache:makedepends; gtk4:makedepends; json-glib:makedepends; libdrm:makedepends; libpipewire:makedepends; librsvg:makedepends; pango:makedepends; pipewire-alsa:makedepends; pipewire-audio:makedepends; pipewire-pulse:makedepends; pipewire-session-manager:makedepends; pipewire:makedepends; python-sphinx:depends; xdg-desktop-portal:makedepends,,
source_rebuild_checklist_core,python-filelock,missing package/provider,python-build:checkdepends,,
source_rebuild_checklist_core,python-flit-core,missing package/provider,python-build:makedepends; python-sphinx:makedepends; python-wheel:makedepends,,
source_rebuild_checklist_core,python-fonttools,missing package/provider,graphite:checkdepends; harfbuzz:checkdepends,,
source_rebuild_checklist_core,python-imagesize,missing package/provider,python-sphinx:depends,,
source_rebuild_checklist_core,python-ini2toml,missing package/provider,python-setuptools:checkdepends,,
source_rebuild_checklist_core,python-installer,missing package/provider,brotli:makedepends; libseccomp:makedepends; llvm-libs:makedepends; llvm21-libs:makedepends; llvm21:makedepends; llvm:makedepends; nftables:makedepends; python-build:makedepends; python-setproctitle:makedepends; python-setuptools:makedepends; python-sphinx:makedepends; python-wheel:makedepends; vapoursynth:makedepends,,
source_rebuild_checklist_core,python-jaraco.collections,missing package/provider,python-setuptools:depends,,
source_rebuild_checklist_core,python-jaraco.envs,missing package/provider,python-setuptools:checkdepends,,
source_rebuild_checklist_core,python-jaraco.functools,missing package/provider,python-setuptools:depends,,
source_rebuild_checklist_core,python-jaraco.path,missing package/provider,python-setuptools:checkdepends,,
source_rebuild_checklist_core,python-jaraco.test,missing package/provider,python-setuptools:checkdepends,,
source_rebuild_checklist_core,python-jaraco.text,missing package/provider,python-setuptools:depends,,
source_rebuild_checklist_core,python-jinja,missing package/provider,libei:makedepends; libplacebo:makedepends; python-sphinx:depends; systemd-libs:makedepends; systemd-resolvconf:makedepends; systemd-sysvcompat:makedepends; systemd:makedepends,,
source_rebuild_checklist_core,python-jsonschema,missing package/provider,python-wheel:checkdepends,,
source_rebuild_checklist_core,python-keyring,missing package/provider,python-wheel:checkdepends,,
source_rebuild_checklist_core,python-keyrings-alt,missing package/provider,python-wheel:checkdepends,,
source_rebuild_checklist_core,python-libevdev,missing package/provider,libinput:makedepends; libwacom:makedepends; xorgproto:checkdepends,,
source_rebuild_checklist_core,python-lxml,missing package/provider,gst-plugins-bad-libs:makedepends; gst-plugins-base-libs:makedepends; gst-plugins-base:makedepends; gst-plugins-good:makedepends; gstreamer:makedepends; libwireplumber:makedepends; lv2:makedepends; systemd-libs:makedepends; systemd-resolvconf:makedepends; systemd-sysvcompat:makedepends; systemd:makedepends; wireplumber:makedepends,,
source_rebuild_checklist_core,python-mako,missing package/provider,gobject-introspection-runtime:makedepends; gobject-introspection:depends; gobject-introspection:makedepends; libgirepository:makedepends; libplacebo:makedepends; mesa:makedepends; vulkan-intel:makedepends; vulkan-mesa-implicit-layers:makedepends; vulkan-radeon:makedepends; vulkan-swrast:makedepends,,
source_rebuild_checklist_core,python-markdown,missing package/provider,gobject-introspection-runtime:makedepends; gobject-introspection:depends; gobject-introspection:makedepends; libgirepository:makedepends; lv2:makedepends,,
source_rebuild_checklist_core,python-markupsafe,missing package/provider,libplacebo:makedepends,,
source_rebuild_checklist_core,python-matplotlib,missing package/provider,pahole:makedepends,,
source_rebuild_checklist_core,python-more-itertools,missing package/provider,python-setuptools:depends,,
source_rebuild_checklist_core,python-myst-parser,missing package/provider,clang21:makedepends; llvm-libs:makedepends; llvm21-libs:makedepends; llvm21:makedepends; llvm:makedepends,,
source_rebuild_checklist_core,python-numpy,missing package/provider,boost-libs:makedepends; boost:makedepends; imath:makedepends,,
source_rebuild_checklist_core,python-packaging,missing package/provider,glib2-devel:depends; glib2-devel:makedepends; glib2:makedepends; mesa:makedepends; python-build:depends; python-setuptools:depends; python-sphinx:depends; python-wheel:depends; upower:checkdepends; vulkan-intel:makedepends; vulkan-mesa-implicit-layers:makedepends; vulkan-radeon:makedepends; vulkan-swrast:makedepends; xdg-desktop-portal-gtk:makedepends,,
source_rebuild_checklist_core,python-path,missing package/provider,python-setuptools:checkdepends,,
source_rebuild_checklist_core,python-pefile,missing package/provider,systemd-libs:makedepends; systemd-resolvconf:makedepends; systemd-sysvcompat:makedepends; systemd:makedepends,,
source_rebuild_checklist_core,python-pip,missing package/provider,onetbb:makedepends; python-build:checkdepends; python-setuptools:checkdepends,,
source_rebuild_checklist_core,python-pkgconfig,missing package/provider,brotli:makedepends,,
source_rebuild_checklist_core,python-platformdirs,missing package/provider,python-setuptools:depends,,
source_rebuild_checklist_core,python-ply,missing package/provider,mesa:makedepends; vulkan-intel:makedepends; vulkan-mesa-implicit-layers:makedepends; vulkan-radeon:makedepends; vulkan-swrast:makedepends,,
source_rebuild_checklist_core,python-psutil,missing package/provider,llvm-libs:makedepends; llvm21-libs:makedepends; llvm21:makedepends; llvm:makedepends; python-sphinx:checkdepends,,
source_rebuild_checklist_core,python-pycparser,missing package/provider,mesa:makedepends; vulkan-intel:makedepends; vulkan-mesa-implicit-layers:makedepends; vulkan-radeon:makedepends; vulkan-swrast:makedepends,,
source_rebuild_checklist_core,python-pydata-sphinx-theme,missing package/provider,python-gobject:makedepends,,
source_rebuild_checklist_core,python-pyelftools,missing package/provider,systemd-libs:makedepends; systemd-resolvconf:makedepends; systemd-sysvcompat:makedepends; systemd:makedepends,,
source_rebuild_checklist_core,python-pygments,missing package/provider,bluez-libs:makedepends; bluez-utils:makedepends; bluez:makedepends; lv2:makedepends; python-sphinx:depends,,
source_rebuild_checklist_core,python-pylint,missing package/provider,lv2:makedepends,,
source_rebuild_checklist_core,python-pyproject-hooks,missing package/provider,python-build:depends,,
source_rebuild_checklist_core,python-pyproject-metadata,missing package/provider,python-dbus:makedepends,,
source_rebuild_checklist_core,python-pyqt5,missing package/provider,libpulse:makedepends,,
source_rebuild_checklist_core,python-pytest,missing package/provider,gcc-ada:checkdepends; gcc-d:checkdepends; gcc-fortran:checkdepends; gcc-go:checkdepends; gcc-libs:checkdepends; gcc:checkdepends; lib32-gcc-libs:checkdepends; libasan:checkdepends; libatomic:checkdepends; libei:makedepends; libgcc:checkdepends; libgccjit:checkdepends; libgfortran:checkdepends; libgo:checkdepends; libgomp:checkdepends; libgphobos:checkdepends; libhwasan:checkdepends; libinput:checkdepends; liblsan:checkdepends; libobjc:checkdepends; libquadmath:checkdepends; libstdc++:checkdepends; libtsan:checkdepends; libubsan:checkdepends; libvips:checkdepends; libwacom:makedepends; playerctl:checkdepends; python-build:checkdepends; python-cairo:checkdepends; python-gobject:checkdepends; python-setproctitle:checkdepends; python-sphinx:checkdepends; python-wheel:checkdepends; xdg-desktop-portal:makedepends; xkeyboard-config:checkdepends,,
source_rebuild_checklist_core,python-pytest-asyncio,missing package/provider,playerctl:checkdepends,,
source_rebuild_checklist_core,python-pytest-home,missing package/provider,python-setuptools:checkdepends,,
source_rebuild_checklist_core,python-pytest-mock,missing package/provider,python-build:checkdepends,,
source_rebuild_checklist_core,python-pytest-rerunfailures,missing package/provider,python-build:checkdepends,,
source_rebuild_checklist_core,python-pytest-subprocess,missing package/provider,python-setuptools:checkdepends,,
source_rebuild_checklist_core,python-pytest-timeout,missing package/provider,python-setuptools:checkdepends,,
source_rebuild_checklist_core,python-pytest-xdist,missing package/provider,libei:checkdepends; python-sphinx:checkdepends; xdg-desktop-portal:checkdepends; xkeyboard-config:checkdepends,,
source_rebuild_checklist_core,python-pyudev,missing package/provider,libinput:makedepends; libwacom:makedepends,,
source_rebuild_checklist_core,python-pyvips,missing package/provider,libvips:checkdepends,,
source_rebuild_checklist_core,python-quart,missing package/provider,libsoup3:makedepends,,
source_rebuild_checklist_core,python-rdflib,missing package/provider,lv2:makedepends,,
source_rebuild_checklist_core,python-requests,missing package/provider,python-sphinx:depends,,
source_rebuild_checklist_core,python-roman-numerals-py,missing package/provider,python-sphinx:depends,,
source_rebuild_checklist_core,python-setuptools-scm,missing package/provider,python-build:checkdepends,,
source_rebuild_checklist_core,python-snowballstemmer,missing package/provider,python-sphinx:depends,,
source_rebuild_checklist_core,python-sphinx-alabaster-theme,missing package/provider,python-sphinx:depends,,
source_rebuild_checklist_core,python-sphinx-copybutton,missing package/provider,libuv:makedepends; python-gobject:makedepends; xdg-desktop-portal:makedepends,,
source_rebuild_checklist_core,python-sphinx-furo,missing package/provider,xdg-desktop-portal:makedepends,,
source_rebuild_checklist_core,python-sphinx-hawkmoth,missing package/provider,mesa:makedepends; vulkan-intel:makedepends; vulkan-mesa-implicit-layers:makedepends; vulkan-radeon:makedepends; vulkan-swrast:makedepends,,
source_rebuild_checklist_core,python-sphinx-lv2-theme,missing package/provider,sratom:makedepends,,
source_rebuild_checklist_core,python-sphinx_rtd_theme,missing package/provider,btrfs-progs:makedepends; libwireplumber:makedepends; python-cairo:makedepends; python-dbus:makedepends; wireplumber:makedepends,,
source_rebuild_checklist_core,python-sphinxcontrib-applehelp,missing package/provider,python-sphinx:depends,,
source_rebuild_checklist_core,python-sphinxcontrib-devhelp,missing package/provider,python-sphinx:depends,,
source_rebuild_checklist_core,python-sphinxcontrib-htmlhelp,missing package/provider,python-sphinx:depends,,
source_rebuild_checklist_core,python-sphinxcontrib-jquery,missing package/provider,python-dbus:makedepends,,
source_rebuild_checklist_core,python-sphinxcontrib-jsmath,missing package/provider,python-sphinx:depends,,
source_rebuild_checklist_core,python-sphinxcontrib-qthelp,missing package/provider,python-sphinx:depends,,
source_rebuild_checklist_core,python-sphinxcontrib-serializinghtml,missing package/provider,python-sphinx:depends,,
source_rebuild_checklist_core,python-sphinxext-opengraph,missing package/provider,xdg-desktop-portal:makedepends,,
source_rebuild_checklist_core,python-sphinxygen,missing package/provider,sratom:makedepends,,
source_rebuild_checklist_core,python-structlog,missing package/provider,libei:makedepends,,
source_rebuild_checklist_core,python-tappy,missing package/provider,graphene:checkdepends; tinysparql:makedepends,,
source_rebuild_checklist_core,python-tomli,missing package/provider,python-dbus:makedepends,,
source_rebuild_checklist_core,python-tomli-w,missing package/provider,python-setuptools:checkdepends,,
source_rebuild_checklist_core,python-typing_extensions,missing package/provider,gst-plugins-bad-libs:makedepends; gst-plugins-base-libs:makedepends; gst-plugins-base:makedepends; gst-plugins-good:makedepends; gstreamer:makedepends; python-sphinx:checkdepends,,
source_rebuild_checklist_core,python-uv,missing package/provider,python-build:checkdepends,,
source_rebuild_checklist_core,python-virtualenv,missing package/provider,automake:checkdepends; python-build:checkdepends,,
source_rebuild_checklist_core,python-yaml,missing package/provider,libei:makedepends; libinput:makedepends; mesa:makedepends; vulkan-intel:makedepends; vulkan-mesa-implicit-layers:makedepends; vulkan-radeon:makedepends; vulkan-swrast:makedepends,,
source_rebuild_checklist_core,qrencode,missing package/provider,gst-plugins-bad-libs:makedepends; gst-plugins-base-libs:makedepends; gst-plugins-base:makedepends; gst-plugins-good:makedepends; gstreamer:makedepends; systemd-libs:makedepends; systemd-resolvconf:makedepends; systemd-sysvcompat:makedepends; systemd:makedepends,,
source_rebuild_checklist_core,qt5-base,missing package/provider,gst-plugins-bad-libs:makedepends; gst-plugins-base-libs:makedepends; gst-plugins-base:makedepends; gst-plugins-good:makedepends; gstreamer:makedepends; polkit-qt6:makedepends,,
source_rebuild_checklist_core,qt5-declarative,missing package/provider,gst-plugins-bad-libs:makedepends; gst-plugins-base-libs:makedepends; gst-plugins-base:makedepends; gst-plugins-good:makedepends; gstreamer:makedepends,,
source_rebuild_checklist_core,qt5-tools,missing package/provider,dbus:makedepends; gst-plugins-bad-libs:makedepends; gst-plugins-base-libs:makedepends; gst-plugins-base:makedepends; gst-plugins-good:makedepends; gstreamer:makedepends,,
source_rebuild_checklist_core,qt5-wayland,missing package/provider,gst-plugins-bad-libs:makedepends; gst-plugins-base-libs:makedepends; gst-plugins-base:makedepends; gst-plugins-good:makedepends; gstreamer:makedepends,,
source_rebuild_checklist_core,qt5-x11extras,missing package/provider,gst-plugins-bad-libs:makedepends; gst-plugins-base-libs:makedepends; gst-plugins-base:makedepends; gst-plugins-good:makedepends; gstreamer:makedepends,,
source_rebuild_checklist_core,qt6-5compat,missing package/provider,v4l-utils:makedepends,,
source_rebuild_checklist_core,qt6-languageserver,missing package/provider,qt6-declarative:makedepends,,
source_rebuild_checklist_core,qt6-shadertools,missing package/provider,gst-plugins-bad-libs:makedepends; gst-plugins-base-libs:makedepends; gst-plugins-base:makedepends; gst-plugins-good:makedepends; gstreamer:makedepends; qt6-declarative:makedepends,,
source_rebuild_checklist_core,qt6-tools,missing package/provider,appstream:makedepends; gst-plugins-bad-libs:makedepends; gst-plugins-base-libs:makedepends; gst-plugins-base:makedepends; gst-plugins-good:makedepends; gstreamer:makedepends; kcoreaddons:makedepends; kcrash:makedepends; ki18n:makedepends; kwidgetsaddons:makedepends; qt6-translations:makedepends,,
source_rebuild_checklist_core,quickjs-ng,missing package/provider,fastfetch:makedepends,,
source_rebuild_checklist_core,quota-tools,missing package/provider,systemd-libs:makedepends; systemd-resolvconf:makedepends; systemd-sysvcompat:makedepends; systemd:makedepends,,
source_rebuild_checklist_core,ragel,missing package/provider,harfbuzz:makedepends,,
source_rebuild_checklist_core,rdfind,missing package/provider,amd-ucode:makedepends; linux-firmware-amd:makedepends; linux-firmware-amdgpu:makedepends; linux-firmware-atheros:makedepends; linux-firmware-broadcom:makedepends; linux-firmware-cirrus:makedepends; linux-firmware-intel:makedepends; linux-firmware-mediatek:makedepends; linux-firmware-nvidia:makedepends; linux-firmware-other:makedepends; linux-firmware-radeon:makedepends; linux-firmware-realtek:makedepends; linux-firmware-ti:makedepends; linux-firmware-whence:makedepends; linux-firmware:makedepends,,
source_rebuild_checklist_core,renderdoc,missing package/provider,qt6-base:makedepends,,
source_rebuild_checklist_core,ripgrep,missing package/provider,aqueous-core:checkdepends; aqueous-session:checkdepends; btrfs-progs:checkdepends,,
source_rebuild_checklist_core,roc-toolkit,missing package/provider,alsa-card-profiles:makedepends; libpipewire:makedepends; pipewire-alsa:makedepends; pipewire-audio:makedepends; pipewire-pulse:makedepends; pipewire-session-manager:makedepends; pipewire:makedepends,,
source_rebuild_checklist_core,rrdtool,missing package/provider,lm_sensors:makedepends,,
source_rebuild_checklist_core,rtkit,missing package/provider,alsa-card-profiles:makedepends; libpipewire:makedepends; libpulse:makedepends; pipewire-alsa:makedepends; pipewire-audio:makedepends; pipewire-pulse:makedepends; pipewire-session-manager:makedepends; pipewire:makedepends; xdg-desktop-portal:makedepends,,
source_rebuild_checklist_core,rtmpdump,missing package/provider,gst-plugins-bad-libs:makedepends; gst-plugins-base-libs:makedepends; gst-plugins-base:makedepends; gst-plugins-good:makedepends; gstreamer:makedepends,,
source_rebuild_checklist_core,ruby,missing package/provider,ocl-icd:makedepends,,
source_rebuild_checklist_core,ruby-ronn-ng,missing package/provider,libidn2:makedepends,,
source_rebuild_checklist_core,rust,missing package/provider,devario-dracut:makedepends; dracut-git:makedepends; firefox:makedepends; gcc-ada:makedepends; gcc-d:makedepends; gcc-fortran:makedepends; gcc-go:makedepends; gcc-libs:makedepends; gcc:makedepends; git:makedepends; glycin:makedepends; gst-plugins-bad-libs:makedepends; gst-plugins-base-libs:makedepends; gst-plugins-base:makedepends; gst-plugins-good:makedepends; gstreamer:makedepends; lib32-gcc-libs:makedepends; libasan:makedepends; libatomic:makedepends; libblake3:makedepends; libdovi:makedepends; libgcc:makedepends; libgccjit:makedepends; libgfortran:makedepends; libgo:makedepends; libgomp:makedepends; libgphobos:makedepends; libhwasan:makedepends; liblsan:makedepends; libobjc:makedepends; libquadmath:makedepends; librsvg:makedepends; libstdc++:makedepends; libtsan:makedepends; libubsan:makedepends; linux-cachyos-lts-headers:makedepends; linux-cachyos-lts:makedepends; mesa:makedepends; rav1e:makedepends; vulkan-intel:makedepends; vulkan-mesa-implicit-layers:makedepends; vulkan-radeon:makedepends; vulkan-swrast:makedepends,,
source_rebuild_checklist_core,rust-bindgen,missing package/provider,linux-cachyos-lts-headers:makedepends; linux-cachyos-lts:makedepends; mesa:makedepends; vulkan-intel:makedepends; vulkan-mesa-implicit-layers:makedepends; vulkan-radeon:makedepends; vulkan-swrast:makedepends,,
source_rebuild_checklist_core,rust-src,missing package/provider,linux-cachyos-lts-headers:makedepends; linux-cachyos-lts:makedepends,,
source_rebuild_checklist_core,samba,missing package/provider,libsoup3:makedepends,,
source_rebuild_checklist_core,sane,missing package/provider,colord:makedepends; libcolord:makedepends,,
source_rebuild_checklist_core,sassc,missing package/provider,gtk-update-icon-cache:makedepends; gtk3:makedepends; gtk4:makedepends; libadwaita:makedepends,,
source_rebuild_checklist_core,scdoc,missing package/provider,aqueous-core:makedepends; aqueous-session:makedepends; greetd-agreety:makedepends; greetd:makedepends; grim:makedepends; kmod:makedepends; seatd:makedepends; slurp:makedepends; uwsm:makedepends; xdg-desktop-portal-wlr:makedepends,,
source_rebuild_checklist_core,sdl,missing package/provider,libtheora:makedepends,,
source_rebuild_checklist_core,seafoam-keyring,missing package/provider,repository checklist,,
source_rebuild_checklist_core,setconf,missing package/provider,libx86emu:makedepends,,
source_rebuild_checklist_core,sharutils,missing package/provider,automake:checkdepends,,
source_rebuild_checklist_core,shelly,missing package/provider,repository checklist,,seafoam-labs/shelly=3.1.6-1
source_rebuild_checklist_core,shiboken6-generator,missing package/provider,kcoreaddons:makedepends; kwidgetsaddons:makedepends,,
source_rebuild_checklist_core,smbclient,missing package/provider,gvfs:makedepends,,
source_rebuild_checklist_core,soundtouch,missing package/provider,gst-plugins-bad-libs:makedepends; gst-plugins-base-libs:makedepends; gst-plugins-base:makedepends; gst-plugins-good:makedepends; gstreamer:makedepends,,
source_rebuild_checklist_core,spirv-llvm-translator,missing package/provider,mesa:makedepends; vulkan-intel:makedepends; vulkan-mesa-implicit-layers:makedepends; vulkan-radeon:makedepends; vulkan-swrast:makedepends,,
source_rebuild_checklist_core,svt-hevc,missing package/provider,gst-plugins-bad-libs:makedepends; gst-plugins-base-libs:makedepends; gst-plugins-base:makedepends; gst-plugins-good:makedepends; gstreamer:makedepends,,
source_rebuild_checklist_core,swig,missing package/provider,audit:makedepends; libcap-ng:makedepends; libnvme:makedepends; lilv:makedepends; onetbb:makedepends; volume_key:makedepends,,
source_rebuild_checklist_core,swtpm,missing package/provider,libsecret:checkdepends; tpm2-tss:checkdepends,,
source_rebuild_checklist_core,sysfsutils,missing package/provider,hwinfo:makedepends,,
source_rebuild_checklist_core,taglib,missing package/provider,gst-plugins-bad-libs:makedepends; gst-plugins-base-libs:makedepends; gst-plugins-base:makedepends; gst-plugins-good:depends; gst-plugins-good:makedepends; gstreamer:makedepends,,
source_rebuild_checklist_core,tcl,missing package/provider,gcc-ada:checkdepends; gcc-d:checkdepends; gcc-fortran:checkdepends; gcc-go:checkdepends; gcc-libs:checkdepends; gcc:checkdepends; lib32-gcc-libs:checkdepends; libasan:checkdepends; libatomic:checkdepends; libgcc:checkdepends; libgccjit:checkdepends; libgfortran:checkdepends; libgo:checkdepends; libgomp:checkdepends; libgphobos:checkdepends; libhwasan:checkdepends; liblsan:checkdepends; libobjc:checkdepends; libquadmath:checkdepends; libstdc++:checkdepends; libtsan:checkdepends; libubsan:checkdepends; sqlite:makedepends,,
source_rebuild_checklist_core,tcl>=8.6,missing package/provider,libnewt:makedepends,,
source_rebuild_checklist_core,tdb,missing package/provider,libpulse:makedepends,,
source_rebuild_checklist_core,texlive-binextra,missing package/provider,libunwind:makedepends,,
source_rebuild_checklist_core,texlive-fontsextra,missing package/provider,python-sphinx:checkdepends,,
source_rebuild_checklist_core,texlive-fontsrecommended,missing package/provider,python-sphinx:checkdepends,,
source_rebuild_checklist_core,texlive-latexextra,missing package/provider,python-sphinx:checkdepends,,
source_rebuild_checklist_core,texlive-luatex,missing package/provider,python-sphinx:checkdepends,,
source_rebuild_checklist_core,texlive-xetex,missing package/provider,graphite:makedepends; python-sphinx:checkdepends,,
source_rebuild_checklist_core,time,missing package/provider,hdf5:makedepends,,
source_rebuild_checklist_core,tk,missing package/provider,python-tests:makedepends; python:makedepends,,
source_rebuild_checklist_core,tpm2-abrmd,missing package/provider,libsecret:checkdepends,,
source_rebuild_checklist_core,tpm2-tools,missing package/provider,devario-dracut:depends; dracut-git:depends; gnutls:checkdepends,,
source_rebuild_checklist_core,tree-sitter,missing package/provider,emacs:makedepends,,
source_rebuild_checklist_core,twolame,missing package/provider,gst-plugins-bad-libs:makedepends; gst-plugins-base-libs:makedepends; gst-plugins-base:makedepends; gst-plugins-good:depends; gst-plugins-good:makedepends; gstreamer:makedepends,,
source_rebuild_checklist_core,umockdev,missing package/provider,libgudev:makedepends; upower:checkdepends; xdg-desktop-portal:makedepends,,
source_rebuild_checklist_core,unixodbc,missing package/provider,libldap:makedepends; qt6-base:makedepends,,
source_rebuild_checklist_core,unzip,missing package/provider,firefox:makedepends,,
source_rebuild_checklist_core,upx,missing package/provider,syslinux:makedepends,,
source_rebuild_checklist_core,usbmuxd,missing package/provider,upower:makedepends,,
source_rebuild_checklist_core,uthash,missing package/provider,tpm2-tss:checkdepends,,
source_rebuild_checklist_core,vala,missing package/provider,accountsservice:makedepends; appstream:makedepends; automake:checkdepends; colord:makedepends; dconf:makedepends; gcr-4:makedepends; gcr:makedepends; glycin:makedepends; gssdp:makedepends; gupnp:makedepends; libadwaita:makedepends; libcloudproviders:makedepends; libcolord:makedepends; libdbusmenu-glib:makedepends; libdbusmenu-gtk3:makedepends; libgudev:makedepends; libical:makedepends; libmm-glib:makedepends; libnm:makedepends; libproxy:makedepends; librsvg:makedepends; libsecret:makedepends; libsoup3:makedepends; libvips:makedepends; modemmanager:makedepends; networkmanager:makedepends; tinysparql:makedepends; xapp:makedepends,,
source_rebuild_checklist_core,valabind,missing package/provider,gtk4-layer-shell:makedepends,,
source_rebuild_checklist_core,valgrind,missing package/provider,alsa-card-profiles:makedepends; cairo:makedepends; curl:checkdepends; gst-plugins-bad-libs:makedepends; gst-plugins-base-libs:makedepends; gst-plugins-base:makedepends; gst-plugins-good:makedepends; gstreamer:makedepends; libei:checkdepends; libevdev:makedepends; libpipewire:makedepends; libpulse:makedepends; libseccomp:checkdepends; mesa:makedepends; nettle:checkdepends; orc:makedepends; pipewire-alsa:makedepends; pipewire-audio:makedepends; pipewire-pulse:makedepends; pipewire-session-manager:makedepends; pipewire:makedepends; vulkan-intel:makedepends; vulkan-mesa-implicit-layers:makedepends; vulkan-radeon:makedepends; vulkan-swrast:makedepends,,
source_rebuild_checklist_core,vamp-plugin-sdk,missing package/provider,rubberband:makedepends,,
source_rebuild_checklist_core,vim,missing package/provider,vmaf:checkdepends,,
source_rebuild_checklist_core,vulkan-validation-layers,missing package/provider,gst-plugins-bad-libs:makedepends; gst-plugins-base-libs:makedepends; gst-plugins-base:makedepends; gst-plugins-good:makedepends; gstreamer:makedepends,,
source_rebuild_checklist_core,w3m,missing package/provider,pam:makedepends,,
source_rebuild_checklist_core,waf,missing package/provider,jack2:makedepends,,
source_rebuild_checklist_core,wasi-compiler-rt,missing package/provider,firefox:makedepends,,
source_rebuild_checklist_core,wasi-libc,missing package/provider,firefox:makedepends,,
source_rebuild_checklist_core,wasi-libc++,missing package/provider,firefox:makedepends,,
source_rebuild_checklist_core,wasi-libc++abi,missing package/provider,firefox:makedepends,,
source_rebuild_checklist_core,wavpack,missing package/provider,gst-plugins-bad-libs:makedepends; gst-plugins-base-libs:makedepends; gst-plugins-base:makedepends; gst-plugins-good:depends; gst-plugins-good:makedepends; gstreamer:makedepends,,
source_rebuild_checklist_core,weston,missing package/provider,libadwaita:checkdepends,,
source_rebuild_checklist_core,wget,missing package/provider,coreutils:makedepends; cpio:makedepends; diffutils:makedepends; findutils:makedepends; grep:makedepends; gzip:makedepends; sed:makedepends,,
source_rebuild_checklist_core,wildmidi,missing package/provider,gst-plugins-bad-libs:makedepends; gst-plugins-base-libs:makedepends; gst-plugins-base:makedepends; gst-plugins-good:makedepends; gstreamer:makedepends,,
source_rebuild_checklist_core,wpebackend-fdo,missing package/provider,gst-plugins-bad-libs:makedepends; gst-plugins-base-libs:makedepends; gst-plugins-base:makedepends; gst-plugins-good:makedepends; gstreamer:makedepends,,
source_rebuild_checklist_core,wpewebkit,missing package/provider,gst-plugins-bad-libs:makedepends; gst-plugins-base-libs:makedepends; gst-plugins-base:makedepends; gst-plugins-good:makedepends; gstreamer:makedepends,,
source_rebuild_checklist_core,wsdd,missing package/provider,gvfs:makedepends,,
source_rebuild_checklist_core,xfconf,missing package/provider,fastfetch:makedepends,,
source_rebuild_checklist_core,xmlstarlet,missing package/provider,qt6-base:makedepends,,
source_rebuild_checklist_core,xmlto,missing package/provider,accountsservice:makedepends; alsa-utils:makedepends; appstream:makedepends; btrfs-progs:makedepends; dbus:makedepends; giflib:makedepends; git:makedepends; libnotify:makedepends; ocl-icd:makedepends; shared-mime-info:makedepends; wayland:makedepends; xdg-desktop-portal:makedepends; xdg-utils:makedepends; zeromq:makedepends,,
source_rebuild_checklist_core,xmltoman,missing package/provider,avahi:makedepends; libpulse:makedepends,,
source_rebuild_checklist_core,xorg-bdftopcf,missing package/provider,terminus-font:makedepends,,
source_rebuild_checklist_core,xorg-font-util,missing package/provider,xorg-fonts-encodings:makedepends; xorg-server-common:makedepends; xorg-server-xvfb:makedepends; xorg-xwayland:makedepends,,
source_rebuild_checklist_core,xorg-mkfontscale,missing package/provider,xorg-fonts-encodings:makedepends,,
source_rebuild_checklist_core,xorg-util-macros,missing package/provider,libfontenc:makedepends; libice:makedepends; libpciaccess:makedepends; libsm:makedepends; libx11:makedepends; libxcb:makedepends; libxcomposite:makedepends; libxcursor:makedepends; libxdmcp:makedepends; libxext:makedepends; libxfixes:makedepends; libxfont2:makedepends; libxi:makedepends; libxinerama:makedepends; libxkbfile:makedepends; libxrandr:makedepends; libxshmfence:makedepends; libxss:makedepends; libxt:makedepends; libxtst:makedepends; xcb-util-image:makedepends; xcb-util-keysyms:makedepends; xcb-util-renderutil:makedepends; xcb-util-wm:makedepends; xcb-util:makedepends; xorg-fonts-encodings:makedepends; xorg-server-common:makedepends; xorg-server-xvfb:makedepends; xorg-setxkbmap:makedepends; xorg-xkbcomp:makedepends; xorg-xprop:makedepends; xorgproto:makedepends,,
source_rebuild_checklist_core,xorg-xauth,missing package/provider,xorg-server-xvfb:depends,,
source_rebuild_checklist_core,xtrans,missing package/provider,libice:makedepends; libsm:makedepends; libx11:makedepends; libxfont2:makedepends; xorg-server-common:makedepends; xorg-server-xvfb:makedepends; xorg-xwayland:makedepends,,
source_rebuild_checklist_core,xxd,missing package/provider,cryptsetup:checkdepends; json-c:checkdepends,,
source_rebuild_checklist_core,yasm,missing package/provider,aom:makedepends; firefox:makedepends,,
source_rebuild_checklist_core,yelp-tools,missing package/provider,dbus:makedepends; gparted:makedepends; libsysprof-capture:makedepends,,
source_rebuild_checklist_core,zbar,missing package/provider,gst-plugins-bad-libs:makedepends; gst-plugins-base-libs:makedepends; gst-plugins-base:makedepends; gst-plugins-good:makedepends; gstreamer:makedepends,,
source_rebuild_checklist_core,zip,missing package/provider,automake:checkdepends; firefox:makedepends; nspr:makedepends,,
source_rebuild_checklist_core,zvbi,missing package/provider,gst-plugins-bad-libs:makedepends; gst-plugins-base-libs:makedepends; gst-plugins-base:makedepends; gst-plugins-good:makedepends; gstreamer:makedepends,,
source_rebuild_checklist_core,zxing-cpp,missing package/provider,gst-plugins-bad-libs:makedepends; gst-plugins-base-libs:makedepends; gst-plugins-base:makedepends; gst-plugins-good:makedepends; gstreamer:makedepends,,
